0	0	0	607.898	0	607.898	0.02	3.073	0	4.442	0
0.005	0.212961	-36.5544	58.6151	-3982.38	-201.726	0.0205541	2.9283	1.25533	5.49403	-10.3924
0.01	0.390097	-32.5461	15.8805	2973.99	215.133	0.0220991	2.75336	1.40674	4.98217	-17.7186
0.015	0.547967	-25.7192	7.3023	-1204.72	522.582	0.0244682	2.60731	1.46168	4.53002	-28.1894
0.02	0.647986	-19.574	4.09383	-4183.82	-9812.43	0.0274777	2.49431	1.48842	6.10961	-38.219
0.025	0.733152	-14.5064	2.65784	1777.52	438.772	0.0309451	2.40951	1.50495	4.63303	-45.8719
0.03	0.792562	-10.5726	1.82966	-2405.63	328.951	0.0347705	2.3472	1.51581	4.79241	-56.3577
0.035	0.842506	-7.60079	1.35537	4294.01	-943.142	0.0388636	2.30206	1.52365	5.78153	-63.7355
0.04	0.882975	-5.34826	1.02414	574.822	587.127	0.0431828	2.26992	1.52951	4.46218	-74.0533
0.045	0.919205	-3.62968	0.818139	-3536.68	58.3443	0.0476896	2.24765	1.53408	5.22846	-84.4926
0.05	0.951603	-2.31063	0.656783	3494.52	73.4593	0.0523687	2.23293	1.53773	5.20732	-91.8035
0.055	0.982694	-1.28941	0.546	-623.734	583.586	0.0572048	2.22403	1.54072	4.46572	-102.246
0.06	1.01253	-0.488579	0.457483	-4312.47	-1081.24	0.0621937	2.21966	1.54321	5.80786	-112.554
0.065	1.04223	0.139873	0.390444	2357.52	338.137	0.0673307	2.21885	1.54532	4.77842	-119.94
0.07	1.07195	0.637717	0.335925	-1829.39	430.13	0.0726165	2.22084	1.54713	4.64454	-130.427
0.075	1.10198	1.03361	0.293279	4258.74	-7502.04	0.0780511	2.22505	1.5487	6.08566	-138.028
0.08	1.13254	1.34797	0.25713	1150.85	529.809	0.0836374	2.23103	1.55007	4.52247	-148.11
0.085	1.16369	1.59807	0.228215	-3016.17	204.901	0.0893776	2.23842	1.55128	4.99881	-158.579
0.09	1.19555	1.79631	0.203283	3946.25	-164.661	0.0952755	2.24693	1.55236	5.46798	-165.901
0.095	1.22812	1.95225	0.182573	-49.1832	607.648	0.101334	2.25631	1.55332	4.44221	-176.3
0.1	1.26147	2.07375	0.164691	-4013.16	-229.182	0.107558	2.26639	1.55419	5.51575	-186.689
0.105	1.29557	2.16697	0.149424	2922.14	225.957	0.11395	2.277	1.55497	4.96321	-194.016
0.11	1.33044	2.23669	0.136087	-1250.08	517	0.120515	2.28802	1.55569	4.53688	-204.489
0.115	1.36602	2.28703	0.124577	-4051.83	-13653.1	0.127256	2.29934	1.55634	6.13571	-214.443
0.12	1.40234	2.32121	0.114362	1729.88	446.29	0.134177	2.31087	1.55693	4.62317	-222.171
0.125	1.43934	2.34191	0.105425	-2455.87	319.822	0.141281	2.32253	1.55748	4.80735	-232.656
0.13	1.47701	2.35136	0.0974577	4274.61	-828.33	0.148571	2.33427	1.55799	5.75631	-240.027
0.135	1.51531	2.35144	0.0903703	524.823	590.533	0.156052	2.34603	1.55846	4.45884	-250.354
0.14	1.55423	2.34369	0.0840287	-3578.31	42.9203	0.163725	2.35777	1.55889	5.24976	-260.79
0.145	1.59371	2.32942	0.0783346	3451.28	87.9689	0.171595	2.36945	1.5593	5.18629	-268.101
0.15	1.63374	2.30975	0.073197	-673.305	579.692	0.179663	2.38105	1.55968	4.46966	-278.546
0.155	1.67429	2.28561	0.0685555	-4328.65	-1242.93	0.187933	2.39254	1.56003	5.83401	-288.844
0.16	1.71532	2.25781	0.0643365	2307.86	347.217	0.196407	2.4039	1.56036	4.76434	-296.239
0.165	1.75682	2.22702	0.0604946	-1879.58	421.856	0.205087	2.41512	1.56068	4.65577	-306.726
0.17	1.79875	2.19383	0.0569912	4308.38	-5804.96	0.213976	2.42617	1.56097	6.05968	-314.285
0.175	1.84108	2.15874	0.053777	1100.72	535.989	0.223075	2.43705	1.56125	4.51564	-324.41
0.18	1.8838	2.12216	0.0508334	-3063.41	193.942	0.232387	2.44775	1.56151	5.01728	-334.877
0.185	1.92688	2.08446	0.0481213	3910.99	-135.886	0.241914	2.45827	1.56175	5.44411	-342.198
0.19	1.97031	2.04595	0.0456234	-99.136	607.161	0.251657	2.4686	1.56199	4.44267	-352.601
0.195	2.01405	2.0069	0.0433128	-4045.63	-266.564	0.261617	2.47873	1.56221	5.54027	-362.984
0.2	2.05809	1.96753	0.0411757	2873.92	236.378	0.271798	2.48867	1.56242	4.94554	-370.315
0.205	2.10241	1.92803	0.0391899	-1300.51	510.209	0.282199	2.4984	1.56262	4.54465	-380.79
0.21	2.14699	1.88857	0.0373476	-3829.58	-19623.3	0.292822	2.50795	1.56281	6.15985	-390.64
0.215	2.19182	1.84928	0.0356293	1679.25	454.316	0.303669	2.51729	1.563	4.61276	-398.471
0.22	2.23689	1.81028	0.0340292	-2505.81	310.359	0.314741	2.52644	1.56317	4.82252	-408.956
0.225	2.28217	1.77167	0.032533	4252.74	-726.052	0.326038	2.53539	1.56334	5.73023	-416.32
0.23	2.32765	1.73353	0.0311345	474.466	593.626	0.337563	2.54416	1.5635	4.45578	-426.655
0.235	2.37333	1.69593	0.0298232	-3620.27	26.1546	0.349315	2.55273	1.56365	5.27182	-437.088
0.24	2.41919	1.65891	0.0285941	3407.02	102.047	0.361296	2.56112	1.56379	5.16525	-444.399
0.245	2.46522	1.62254	0.0274384	-723.83	575.44	0.373507	2.56932	1.56393	4.47395	-454.848
0.25	2.51141	1.58683	0.0263524	-4342.82	-1439.54	0.385949	2.57734	1.56407	5.86066	-465.134
0.255	2.55775	1.55182	0.0253288	2257.27	356.37	0.398622	2.58519	1.5642	4.7503	-472.539
0.26	2.60422	1.51753	0.0243642	-1930.58	413.31	0.411527	2.59286	1.56432	4.6675	-483.027
0.265	2.65083	1.48397	0.0234534	4339.33	-4584.32	0.424664	2.60037	1.56444	6.03304	-490.551
0.27	2.69757	1.45115	0.0225929	1049.8	542.051	0.438035	2.6077	1.56456	4.50901	-500.711
0.275	2.74442	1.41909	0.0217787	-3111.04	182.555	0.45164	2.61488	1.56467	5.03633	-511.176
0.28	2.79138	1.38777	0.021008	3874.27	-108.886	0.46548	2.6219	1.56477	5.42007	-518.495
0.285	2.83844	1.3572	0.0202773	-149.854	606.34	0.479554	2.62876	1.56488	4.44344	-528.903
0.29	2.8856	1.32737	0.0195842	-4077.58	-308.492	0.493864	2.63547	1.56498	5.5654	-539.281
0.295	2.93286	1.29828	0.0189259	2824.71	246.793	0.50841	2.64203	1.56507	4.9279	-546.615
0.3	2.98019	1.26992	0.0183003	-1351.79	503.122	0.523193	2.64845	1.56517	4.55287	-557.091
0.305	3.02762	1.24227	0.0177052	-3421.67	-29544.7	0.538212	2.65473	1.56526	6.18246	-566.789
0.31	3.07511	1.21534	0.0171387	1627.8	462.347	0.553469	2.66088	1.56534	4.6025	-574.773
0.315	3.12268	1.18909	0.016599	-2556.37	300.652	0.568964	2.66689	1.56543	4.83824	-585.256
0.32	3.17032	1.16353	0.0160843	4228.91	-636.019	0.584696	2.67277	1.56551	5.70386	-592.614
0.325	3.21802	1.13864	0.0155933	423.349	596.462	0.600667	2.67852	1.56559	4.45299	-602.957
0.33	3.26579	1.1144	0.0151243	-3662.24	8.20187	0.616876	2.68416	1.56567	5.29449	-613.386
0.335	3.31361	1.0908	0.0146762	3361.57	115.813	0.633325	2.68967	1.56574	5.14416	-620.698
0.34	3.36148	1.06783	0.0142477	-775.179	570.846	0.650013	2.69507	1.56581	4.47862	-631.15
0.345	3.40941	1.04546	0.0138378	-4354.51	-1681.6	0.66694	2.70035	1.56588	5.8878	-641.423
0.35	3.45739	1.02369	0.0134452	2205.8	365.581	0.684107	2.70552	1.56595	4.73636	-648.84
0.355	3.50541	1.00249	0.0130692	-1982.34	404.534	0.701514	2.71059	1.56602	4.67973	-659.328
0.36	3.55347	0.981858	0.0127087	4357.46	-3682.36	0.719161	2.71555	1.56608	6.00582	-666.824
0.365	3.60158	0.961772	0.0123629	998.112	547.98	0.737048	2.72041	1.56614	4.5026	-677.013
0.37	3.64972	0.94222	0.012031	-3159.06	170.719	0.755177	2.72517	1.56621	5.05598	-687.476
0.375	3.69791	0.923185	0.0117124	3836.09	-83.4866	0.773546	2.72983	1.56627	5.39589	-694.793
0.38	3.74613	0.904654	0.0114062	-201.366	605.174	0.792156	2.7344	1.56632	4.44454	-705.205
0.385	3.79438	0.886612	0.0111118	-4108.87	-355.743	0.811007	2.73888	1.56638	5.59111	-715.578
0.39	3.84266	0.869045	0.0108287	2774.51	257.218	0.8301	2.74326	1.56643	4.91029	-722.915
0.395	3.89097	0.85194	0.0105563	-1403.88	495.749	0.849434	2.74757	1.56649	4.56153	-733.393
0.4	3.93932	0.835283	0.0102941	-2636.27	-45379.2	0.869009	2.75179	1.56654	6.20179	-742.855
0.405	3.98769	0.819061	0.0100415	1575.57	470.368	0.888827	2.75592	1.56659	4.59241	-751.075
0.41	4.03608	0.803262	0.00979806	-2607.56	290.694	0.908886	2.75998	1.56664	4.85453	-761.557
0.415	4.0845	0.787872	0.00956339	4203.18	-556.381	0.929188	2.76395	1.56669	5.67725	-768.909
0.42	4.13294	0.77288	0.00933705	371.464	599.023	0.949731	2.76786	1.56674	4.45048	-779.26
0.425	4.18141	0.758275	0.00911865	-3704.15	-11.0838	0.970517	2.77168	1.56678	5.31777	-789.686
0.43	4.22989	0.744043	0.00890783	3314.93	129.305	0.991545	2.77544	1.56683	5.12303	-796.998
0.435	4.2784	0.730175	0.00870423	-827.337	565.907	1.01282	2.77912	1.56687	4.48369	-807.453
0.44	4.32693	0.71666	0.00850753	-4363.11	-1984.51	1.03433	2.78274	1.56691	5.91543	-817.71
0.445	4.37547	0.703486	0.00831743	2153.48	374.848	1.05609	2.78629	1.56696	4.72254	-825.142
0.45	4.42403	0.690645	0.00813363	-2034.86	395.526	1.07808	2.78978	1.567	4.69247	-835.63
0.455	4.47261	0.678125	0.00795585	4366.32	-3000.13	1.10033	2.7932	1.56704	5.97811	-843.102
0.46	4.5212	0.665918	0.00778384	945.663	553.758	1.12281	2.79656	1.56708	4.49642	-853.317
0.465	4.56981	0.654014	0.00761735	-3207.42	158.394	1.14554	2.79986	1.56712	5.07623	-863.777
0.47	4.61844	0.642404	0.00745614	3796.47	-59.5246	1.16851	2.8031	1.56715	5.37159	-871.093
0.475	4.66707	0.63108	0.0073	-253.668	603.649	1.19172	2.80628	1.56719	4.44599	-881.509
0.48	4.71572	0.620032	0.00714871	-4139.41	-409.363	1.21518	2.80941	1.56723	5.61741	-891.875
0.485	4.76439	0.609253	0.00700208	2723.31	267.657	1.23888	2.81248	1.56726	4.89275	-899.217
0.49	4.81306	0.598735	0.00685991	-1456.78	488.092	1.26282	2.8155	1.5673	4.57067	-909.696
0.495	4.86175	0.588471	0.00672202	-1196.02	-63688	1.28701	2.81847	1.56733	6.21442	-918.804
0.5	4.91045	0.578451	0.00658826	1522.55	478.365	1.31144	2.82139	1.56736	4.58249	-927.378
0.505	4.95916	0.568671	0.00645845	-2659.36	280.473	1.33611	2.82426	1.5674	4.87139	-937.859
0.51	5.00788	0.559122	0.00633243	4175.56	-485.583	1.36103	2.82708	1.56743	5.6504	-945.206
0.515	5.0566	0.549798	0.00621007	318.805	601.289	1.38619	2.82985	1.56746	4.44826	-955.564
0.52	5.10534	0.540693	0.00609122	-3745.94	-31.8926	1.4116	2.83257	1.56749	5.34168	-965.986
0.525	5.15409	0.531799	0.00597575	3267.1	142.555	1.43725	2.83526	1.56752	5.1019	-973.3
0.53	5.20284	0.523112	0.00586354	-880.311	560.617	1.46314	2.83789	1.56755	4.48918	-983.757
0.535	5.25161	0.514624	0.00575445	-4367.78	-2370.84	1.48928	2.84049	1.56758	5.94351	-993.997
0.54	5.30038	0.506331	0.00564838	2100.31	384.164	1.51566	2.84304	1.56761	4.70884	-1001.44
0.545	5.34916	0.498227	0.00554522	-2088.13	386.286	1.54228	2.84555	1.56764	4.70576	-1011.93
0.55	5.39794	0.490307	0.00544486	4368.17	-2473.31	1.56915	2.84802	1.56766	5.94995	-1019.39
0.555	5.44674	0.482565	0.00534719	892.447	559.366	1.59626	2.85045	1.56769	4.49048	-1029.62
0.56	5.49554	0.474996	0.00525213	-3256.08	145.527	1.62361	2.85285	1.56772	5.0971	-1040.08
0.565	5.54434	0.467595	0.00515959	3755.39	-36.851	1.65121	2.8552	1.56774	5.34718	-1047.39
0.57	5.59316	0.460359	0.00506947	-306.769	601.753	1.67906	2.85752	1.56777	4.4478	-1057.81
0.575	5.64198	0.453281	0.00498169	-4169.05	-470.678	1.70715	2.85981	1.56779	5.6443	-1068.17
0.58	5.6908	0.446359	0.00489617	2671.13	278.118	1.73548	2.86206	1.56782	4.87527	-1075.52
0.585	5.73963	0.439587	0.00481283	-1510.49	480.151	1.76405	2.86427	1.56784	4.58029	-1086
0.59	5.78846	0.432962	0.0047316	775.258	-66433.7	1.79287	2.86645	1.56787	6.21585	-1094.67
0.595	5.8373	0.426479	0.00465242	1468.74	486.322	1.82194	2.8686	1.56789	4.57278	-1103.68
0.6	5.88615	0.420135	0.0045752	-2711.74	269.975	1.85125	2.87072	1.56791	4.88884	-1114.16
0.605	5.935	0.413925	0.00449989	4146.08	-422.339	1.8808	2.8728	1.56793	5.62334	-1121.5
0.61	5.98385	0.407847	0.00442642	265.37	603.241	1.9106	2.87486	1.56796	4.44636	-1131.87
0.615	6.03271	0.401897	0.00435474	-3787.53	-54.4487	1.94064	2.87688	1.56798	5.36621	-1142.29
0.62	6.08157	0.396071	0.00428479	3218.08	155.59	1.97092	2.87888	1.568	5.08076	-1149.6
0.625	6.13044	0.390367	0.00421651	-934.101	554.973	2.00145	2.88084	1.56802	4.4951	-1160.06
0.63	6.17931	0.38478	0.00414984	-4367.24	-2874.47	2.03223	2.88278	1.56804	5.97203	-1170.28
0.635	6.22818	0.379308	0.00408475	2046.29	393.523	2.06325	2.88469	1.56806	4.69529	-1177.75
0.64	6.27706	0.373947	0.00402118	-2142.14	376.812	2.09451	2.88657	1.56808	4.71959	-1188.24
0.645	6.32594	0.368696	0.00395907	4364.45	-2059.11	2.12602	2.88843	1.5681	5.92137	-1195.67
0.65	6.37483	0.363551	0.0038984	838.468	564.783	2.15777	2.89026	1.56812	4.48481	-1205.93
0.655	6.42372	0.358509	0.00383911	-3304.99	132.062	2.18977	2.89207	1.56814	5.1186	-1216.38
0.66	6.47261	0.353568	0.00378116	3712.85	-15.3355	2.22201	2.89385	1.56816	5.32269	-1223.69
0.665	6.5215	0.348725	0.00372452	-360.669	599.475	2.25449	2.8956	1.56818	4.44999	-1234.12
0.67	6.5704	0.343977	0.00366913	-4197.68	-541.368	2.28722	2.89733	1.5682	5.67178	-1244.47
0.675	6.6193	0.339323	0.00361498	2617.98	288.606	2.3202	2.89904	1.56822	4.85789	-1251.82
0.68	6.6682	0.33476	0.00356201	-1565.01	471.927	2.35341	2.90073	1.56824	4.5904	-1262.3
0.685	6.71711	0.330286	0.0035102	2410.33	-49157	2.38688	2.90239	1.56825	6.20496	-1270.58
0.69	6.76602	0.325897	0.00345952	1414.16	494.225	2.42059	2.90403	1.56827	4.56328	-1279.99
0.695	6.81493	0.321594	0.00340992	-2764.68	259.184	2.45454	2.90565	1.56829	4.90689	-1290.46
0.7	6.86384	0.317372	0.00336138	4114.76	-365.578	2.48874	2.90725	1.5683	5.59608	-1297.8
0.705	6.91275	0.313231	0.00331387	211.157	604.86	2.52318	2.90882	1.56832	4.44478	-1308.17
0.71	6.96167	0.309168	0.00326736	-3828.84	-79.0213	2.55786	2.91038	1.56834	5.39138	-1318.59
0.715	7.01059	0.305181	0.00322182	3167.88	168.437	2.59279	2.91191	1.56835	5.05963	-1325.9
0.72	7.05951	0.301269	0.00317723	-988.708	548.974	2.62797	2.91343	1.56837	4.50146	-1336.37
0.725	7.10844	0.297429	0.00313356	-4359.58	-3548.18	2.66339	2.91493	1.56839	6.00094	-1346.56
0.73	7.15736	0.293661	0.00309078	1991.44	402.918	2.69905	2.9164	1.5684	4.68191	-1354.05
0.735	7.20629	0.289961	0.00304887	-2196.89	367.103	2.73496	2.91786	1.56842	4.73398	-1364.54
0.74	7.25522	0.28633	0.00300781	4356.16	-1728.22	2.77112	2.9193	1.56843	5.89241	-1371.96
0.745	7.30415	0.282764	0.00296757	783.726	569.987	2.80751	2.92073	1.56845	4.47942	-1382.23
0.75	7.35308	0.279263	0.00292814	-3354.11	117.929	2.84416	2.92213	1.56846	5.14074	-1392.68
0.755	7.40202	0.275825	0.00288948	3668.87	5.1409	2.88105	2.92352	1.56848	5.29813	-1400
0.76	7.45095	0.272449	0.00285159	-415.367	596.802	2.91818	2.92489	1.56849	4.45257	-1410.43
0.765	7.49989	0.269133	0.00281443	-4225.13	-623.594	2.95555	2.92624	1.5685	5.69985	-1420.77
0.77	7.54883	0.265875	0.002778	2563.87	299.123	2.99318	2.92758	1.56852	4.8406	-1428.13
0.775	7.59777	0.262675	0.00274227	-1620.34	463.424	3.03104	2.9289	1.56853	4.60103	-1438.61
0.78	7.64671	0.259531	0.00270723	3340.16	-31375.2	3.06915	2.93021	1.56855	6.1854	-1446.62
0.785	7.69566	0.256442	0.00267285	1358.81	502.056	3.10751	2.9315	1.56856	4.55401	-1456.29
0.79	7.7446	0.253406	0.00263913	-2818.14	248.08	3.14611	2.93277	1.56857	4.92557	-1466.77
0.795	7.79355	0.250423	0.00260603	4081.6	-314.407	3.18496	2.93403	1.56859	5.56864	-1474.1
0.8	7.8425	0.247491	0.00257356	156.17	606.125	3.22405	2.93528	1.5686	4.44355	-1484.48
0.805	7.89145	0.244609	0.00254169	-3869.78	-105.931	3.26338	2.93651	1.56861	5.41719	-1494.89
0.81	7.9404	0.241776	0.00251041	3116.52	181.12	3.30296	2.93772	1.56862	5.03855	-1502.21
0.815	7.98935	0.238991	0.0024797	-1044.13	542.618	3.34279	2.93893	1.56864	4.50828	-1512.67
0.82	8.0383	0.236253	0.00244955	-4341.68	-4477.41	3.38285	2.94011	1.56865	6.03018	-1522.84
0.825	8.08725	0.23356	0.00241995	1935.75	412.341	3.42317	2.94129	1.56866	4.6687	-1530.36
0.83	8.13621	0.230913	0.00239088	-2252.35	357.156	3.46373	2.94245	1.56867	4.74895	-1540.85
0.835	8.18516	0.228309	0.00236234	4343.96	-1460.12	3.50453	2.9436	1.56868	5.86311	-1548.25
0.84	8.23412	0.225748	0.0023343	728.221	574.954	3.54558	2.94473	1.5687	4.47433	-1558.54
0.845	8.28308	0.223229	0.00230675	-3403.37	103.048	3.58687	2.94586	1.56871	5.16353	-1568.99
0.85	8.33204	0.220752	0.00227969	3623.45	24.6872	3.62841	2.94697	1.56872	5.27351	-1576.3
0.855	8.381	0.218314	0.00225311	-470.87	593.726	3.67019	2.94806	1.56873	4.45557	-1586.73
0.86	8.42996	0.215916	0.00222699	-4251.22	-720.193	3.71222	2.94915	1.56874	5.7285	-1597.07
0.865	8.47892	0.213557	0.00220132	2508.81	309.674	3.75449	2.95022	1.56875	4.82344	-1604.43
0.87	8.52788	0.211235	0.00217609	-1676.46	454.643	3.79701	2.95128	1.56876	4.61219	-1614.92
0.875	8.57684	0.20895	0.00215129	3814.64	-20001.1	3.83977	2.95233	1.56877	6.16098	-1622.75
0.88	8.62581	0.206702	0.00212691	1302.69	509.795	3.88278	2.95337	1.56879	4.54499	-1632.6
0.885	8.67477	0.204489	0.00210295	-2872.09	236.642	3.92603	2.9544	1.5688	4.94487	-1643.07
0.89	8.72374	0.20231	0.00207938	4046.62	-268.063	3.96952	2.95542	1.56881	5.54104	-1650.41
0.895	8.7727	0.200166	0.00205622	100.402	607.019	4.01327	2.95642	1.56882	4.44268	-1660.79
0.9	8.82167	0.198055	0.00203343	-3910.29	-135.571	4.05725	2.95742	1.56883	5.44365	-1671.19
0.905	8.87064	0.195977	0.00201103	3064	193.663	4.10148	2.95841	1.56884	5.01751	-1678.51
0.91	8.9196	0.19393	0.00198899	-1100.38	535.904	4.14596	2.95938	1.56885	4.51558	-1688.98
0.915	8.96857	0.191915	0.00196731	-4308.22	-5807.08	4.19068	2.96034	1.56886	6.05967	-1699.11
0.92	9.01754	0.189931	0.00194598	1879.25	421.782	4.23564	2.9613	1.56887	4.65569	-1706.67
0.925	9.06651	0.187977	0.001925	-2308.51	346.968	4.28085	2.96224	1.56888	4.76451	-1717.15
0.93	9.11548	0.186052	0.00190436	4328.31	-1240.13	4.32631	2.96318	1.56889	5.83349	-1724.55
0.935	9.16445	0.184156	0.00188405	671.956	579.663	4.37201	2.9641	1.5689	4.46954	-1734.85
0.94	9.21343	0.182289	0.00186406	-3452.71	87.3266	4.41795	2.96502	1.56891	5.18698	-1745.29
0.945	9.2624	0.18045	0.00184438	3576.58	43.4	4.46414	2.96593	1.56891	5.24886	-1752.6
0.95	9.31137	0.178637	0.00182502	-527.176	590.237	4.51058	2.96683	1.56892	4.45898	-1763.04
0.955	9.36034	0.176852	0.00180596	-4275.72	-834.91	4.55726	2.96771	1.56893	5.75773	-1773.37
0.96	9.40932	0.175093	0.0017872	2452.8	320.259	4.60418	2.96859	1.56894	4.80642	-1780.74
0.965	9.45829	0.173359	0.00176873	-1733.38	445.586	4.65135	2.96946	1.56895	4.6239	-1791.22
0.97	9.50727	0.171651	0.00175054	4063.85	-13309.1	4.69876	2.97033	1.56896	6.13382	-1798.95
0.975	9.55624	0.169967	0.00173263	1245.8	517.423	4.74642	2.97118	1.56897	4.53622	-1808.91
0.98	9.60522	0.168308	0.001715	-2926.5	224.843	4.79433	2.97203	1.56898	4.96482	-1819.38
0.985	9.6542	0.166673	0.00169763	4009.83	-225.91	4.84247	2.97286	1.56899	5.5133	-1826.71
0.99	9.70317	0.165061	0.00168052	43.8553	607.522	4.89087	2.97369	1.56899	4.44218	-1837.1
0.995	9.75215	0.163472	0.00166368	-3950.24	-168.414	4.93951	2.97452	1.569	5.47075	-1847.5
1	9.80113	0.161905	0.00164708	3010.34	206.086	4.98839	2.97533	1.56901	4.99655	-1854.82
1.005	9.85011	0.160361	0.00163073	-1157.44	528.832	5.03752	2.97613	1.56902	4.52338	-1865.29
1.01	9.89909	0.158838	0.00161463	-4249.53	-7796.01	5.08689	2.97693	1.56903	6.08926	-1875.36
1.015	9.94806	0.157336	0.00159876	1821.93	431.228	5.13651	2.97772	1.56903	4.64289	-1882.97
1.02	9.99704	0.155856	0.00158312	-2365.34	336.534	5.18637	2.97851	1.56904	4.78069	-1893.46
1.025	10.046	0.154396	0.00156772	4309.55	-1057.56	5.23648	2.97928	1.56905	5.80357	-1900.84
1.03	10.095	0.152956	0.00155253	614.931	584.089	5.28683	2.98005	1.56906	4.46508	-1911.15
1.035	10.144	0.151536	0.00153757	-3502.07	70.6543	5.33743	2.98081	1.56907	5.2111	-1921.6
1.04	10.193	0.150135	0.00152282	3528.3	61.3692	5.38827	2.98156	1.56907	5.2242	-1928.91
1.045	10.2419	0.148754	0.00150828	-584.286	586.327	5.43936	2.98231	1.56908	4.46284	-1939.35
1.05	10.2909	0.147391	0.00149395	-4298.39	-972.802	5.49069	2.98305	1.56909	5.78754	-1949.67
1.055	10.3399	0.146046	0.00147983	2395.87	330.879	5.54227	2.98379	1.5691	4.78955	-1957.05
1.06	10.3889	0.14472	0.0014659	-1791.09	436.257	5.59409	2.98451	1.5691	4.63616	-1967.53
1.065	10.4379	0.143412	0.00145217	4202.09	-9277.6	5.64616	2.98523	1.56911	6.10498	-1975.17
1.07	10.4869	0.14212	0.00143863	1188.15	524.919	5.69847	2.98595	1.56912	4.52774	-1985.22
1.075	10.5358	0.140847	0.00142527	-2981.32	212.653	5.75103	2.98665	1.56913	4.98543	-1995.69
1.08	10.5848	0.139589	0.00141211	3971.24	-187.4	5.80383	2.98736	1.56913	5.48544	-2003.01
1.085	10.6338	0.138349	0.00139912	-13.4699	607.616	5.85687	2.98805	1.56914	4.44207	-2013.41
1.09	10.6828	0.137125	0.00138632	-3989.55	-205.043	5.91017	2.98874	1.56915	5.49851	-2023.8
1.095	10.7318	0.135916	0.00137369	2955.56	218.41	5.9637	2.98942	1.56915	4.97568	-2031.13
1.1	10.7808	0.134724	0.00136123	-1215.32	521.404	6.01748	2.9901	1.56916	4.53169	-2041.6
1.105	10.8297	0.133547	0.00134893	-4146.64	-10933.7	6.07151	2.99077	1.56917	6.11871	-2051.6
1.11	10.8787	0.132385	0.00133681	1763.81	440.668	6.12578	2.99143	1.56917	4.63032	-2059.28
1.115	10.9277	0.131238	0.00132485	-2422.83	325.848	6.1803	2.99209	1.56918	4.79749	-2069.77
1.12	10.9767	0.130106	0.00131304	4287.92	-904.455	6.23506	2.99275	1.56919	5.77338	-2077.14
1.125	11.0257	0.128988	0.0013014	557.148	588.209	6.29006	2.99339	1.56919	4.46096	-2087.46
1.13	11.0747	0.127884	0.00128991	-3551.38	52.9011	6.34531	2.99404	1.5692	5.2359	-2097.9
1.135	11.1237	0.126794	0.00127857	3478.6	78.6756	6.40081	2.99467	1.56921	5.19955	-2105.21
1.14	11.1727	0.125718	0.00126738	-642.203	581.989	6.45655	2.9953	1.56921	4.46716	-2115.66
1.145	11.2216	0.124656	0.00125633	-4318.88	-1140.82	6.51254	2.99593	1.56922	5.8179	-2125.96
1.15	11.2706	0.123606	0.00124543	2338.02	341.534	6.56877	2.99655	1.56922	4.77286	-2133.35
1.155	11.3196	0.12257	0.00123467	-1849.57	426.658	6.62524	2.99717	1.56923	4.64901	-2143.84
1.16	11.3686	0.121547	0.00122405	4281.81	-6732.26	6.68196	2.99778	1.56924	6.07499	-2151.42
1.165	11.4176	0.120536	0.00121357	1129.74	532.26	6.73893	2.99838	1.56924	4.51955	-2161.53
1.17	11.4666	0.119538	0.00120322	-3036.51	200.032	6.79614	2.99898	1.56925	5.00671	-2171.99
1.175	11.5156	0.118552	0.001193	3930.86	-152.063	6.85359	2.99958	1.56926	5.45747	-2179.32
1.18	11.5646	0.117578	0.00118291	-71.5809	607.284	6.9113	3.00017	1.56926	4.44237	-2189.72
1.185	11.6135	0.116616	0.00117295	-4028.09	-246.186	6.96924	3.00075	1.56927	5.52692	-2200.1
1.19	11.6625	0.115665	0.00116311	2899.65	230.653	7.02743	3.00133	1.56927	4.95491	-2207.43
1.195	11.7115	0.114726	0.0011534	-1274.02	513.621	7.08587	3.00191	1.56928	4.54052	-2217.91
1.2	11.7605	0.113798	0.00114381	-3958.92	-16195.9	7.14455	3.00248	1.56928	6.14756	-2227.82
1.205	11.8095	0.112882	0.00113434	1704.89	450.088	7.20347	3.00305	1.56929	4.61799	-2235.59
1.21	11.8585	0.111976	0.00112498	-2480.96	314.901	7.26264	3.00361	1.5693	4.81492	-2246.08
1.215	11.9075	0.111081	0.00111574	4263.59	-774.83	7.32206	3.00417	1.5693	5.74295	-2253.44
1.22	11.9565	0.110196	0.00110661	498.601	591.997	7.38172	3.00472	1.56931	4.4572	-2263.78
1.225	12.0055	0.109323	0.0010976	-3600.57	33.9119	7.44162	3.00527	1.56931	5.26139	-2274.21
1.23	12.0544	0.108459	0.00108869	3427.49	95.3949	7.50177	3.00581	1.56932	5.17492	-2281.52
1.235	12.1034	0.107605	0.0010799	-700.933	577.218	7.56216	3.00635	1.56932	4.47195	-2291.97
1.24	12.1524	0.106761	0.0010712	-4336.77	-1348.74	7.6228	3.00689	1.56933	5.84881	-2302.26
1.245	12.2014	0.105928	0.00106262	2279.27	352.223	7.68369	3.00742	1.56933	4.75636	-2309.66
1.25	12.2504	0.105103	0.00105413	-1908.83	416.79	7.74482	3.00795	1.56934	4.66245	-2320.15
1.255	12.2994	0.104289	0.00104575	4328.1	-5048.04	7.80619	3.00847	1.56934	6.04416	-2327.69
1.26	12.3484	0.103483	0.00103747	1070.58	539.423	7.86781	3.00899	1.56935	4.51166	-2337.84
1.265	12.3974	0.102687	0.00102928	-3092.03	186.94	7.92968	3.00951	1.56936	5.02867	-2348.3
1.27	12.4464	0.1019	0.00102119	3888.7	-119.496	7.99179	3.01002	1.56936	5.42943	-2355.62
1.275	12.4954	0.101122	0.0010132	-130.478	606.509	8.05414	3.01053	1.56937	4.4431	-2366.03
1.28	12.5444	0.100353	0.0010053	-4065.76	-292.746	8.11674	3.01103	1.56937	5.55599	-2376.41
1.285	12.5933	0.0995919	0.000997492	2842.65	242.832	8.17958	3.01153	1.56938	4.93428	-2383.74
1.29	12.6423	0.0988397	0.000989775	-1333.53	505.487	8.24267	3.01203	1.56938	4.54989	-2394.22
1.295	12.6913	0.098096	0.000982147	-3591.84	-25538.5	8.30601	3.01252	1.56939	6.17488	-2403.98
1.3	12.7403	0.0973606	0.000974606	1645.18	459.473	8.36959	3.01301	1.56939	4.60592	-2411.9
1.305	12.7893	0.0966334	0.000967152	-2539.71	303.684	8.43341	3.01349	1.5694	4.83302	-2422.39
1.31	12.8383	0.0959142	0.000959784	4236.69	-664.121	8.49748	3.01397	1.5694	5.71229	-2429.75
1.315	12.8873	0.095203	0.000952499	439.291	595.43	8.56179	3.01445	1.5694	4.45381	-2440.09
1.32	12.9363	0.0944995	0.000945297	-3649.56	13.5022	8.62635	3.01493	1.56941	5.28757	-2450.52
1.325	12.9853	0.0938038	0.000938176	3375	111.594	8.69116	3.0154	1.56941	5.15033	-2457.83
1.33	13.0343	0.0931157	0.000931135	-760.48	572.01	8.75621	3.01586	1.56942	4.47724	-2468.28
1.335	13.0833	0.092435	0.000924173	-4351.49	-1610.59	8.8215	3.01633	1.56942	5.88026	-2478.56
1.34	13.1323	0.0917618	0.000917289	2219.62	362.942	8.88704	3.01679	1.56943	4.74006	-2485.97
1.345	13.1813	0.0910958	0.000910482	-1968.85	406.655	8.95282	3.01724	1.56943	4.6765	-2496.46
1.35	13.2303	0.090437	0.00090375	4353.75	-3886.37	9.01885	3.0177	1.56944	6.01267	-2503.96
1.355	13.2792	0.0897852	0.000897093	1010.65	546.384	9.08513	3.01815	1.56944	4.50411	-2514.15
1.36	13.3282	0.0891404	0.000890509	-3147.82	173.324	9.15164	3.0186	1.56945	5.05133	-2524.61
1.365	13.3772	0.0885025	0.000883997	3844.77	-89.3503	9.21841	3.01904	1.56945	5.40132	-2531.93
1.37	13.4262	0.0878714	0.000877556	-190.168	605.276	9.28542	3.01948	1.56945	4.44426	-2542.34
1.375	13.4752	0.0872469	0.000871185	-4102.41	-345.869	9.35267	3.01992	1.56946	5.58571	-2552.71
1.38	13.5242	0.086629	0.000864884	2784.56	254.962	9.42017	3.02035	1.56946	4.91378	-2560.05
1.385	13.5732	0.0860177	0.000858651	-1393.87	497.004	9.48791	3.02079	1.56947	4.55983	-2570.53
1.39	13.6222	0.0854127	0.000852484	-2819.34	-42036.2	9.5559	3.02121	1.56947	6.19861	-2580.04
1.395	13.6712	0.084814	0.000846384	1584.68	468.805	9.62413	3.02164	1.56948	4.59413	-2588.21
1.4	13.7202	0.0842216	0.00084035	-2599.03	292.183	9.69261	3.02206	1.56948	4.85178	-2598.7
1.405	13.7692	0.0836353	0.000834379	4207.31	-568.786	9.76134	3.02248	1.56948	5.68143	-2606.05
1.41	13.8182	0.0830551	0.000828472	379.213	598.483	9.8303	3.0229	1.56949	4.45082	-2616.4
1.415	13.8672	0.0824808	0.000822627	-3698.27	-8.54838	9.89952	3.02331	1.56949	5.31446	-2626.83
1.42	13.9162	0.0819125	0.000816845	3321.13	127.336	9.96898	3.02372	1.5695	5.12581	-2634.14
1.425	13.9652	0.0813499	0.000811122	-820.845	566.36	10.0387	3.02413	1.5695	4.48303	-2644.59
1.43	14.0142	0.0807931	0.00080546	-4362.22	-1947.14	10.1086	3.02454	1.56951	5.91221	-2654.85
1.435	14.0631	0.0802419	0.000799857	2159.09	373.686	10.1788	3.02494	1.56951	4.72399	-2662.28
1.44	14.1121	0.0796964	0.000794312	-2029.63	396.255	10.2493	3.02534	1.56951	4.69118	-2672.77
1.445	14.1611	0.0791563	0.000788825	4365.72	-3056.27	10.3199	3.02574	1.56952	5.98062	-2680.25
1.45	14.2101	0.0786217	0.000783394	949.976	553.117	10.3909	3.02613	1.56952	4.4969	-2690.46
1.455	14.2591	0.0780924	0.000778019	-3203.83	159.124	10.462	3.02652	1.56953	5.0747	-2700.92
1.46	14.3081	0.0775685	0.000772699	3799.08	-61.3259	10.5335	3.02691	1.56953	5.37317	-2708.24
1.465	14.3571	0.0770497	0.000767434	-250.652	603.569	10.6051	3.0273	1.56953	4.44588	-2718.65
1.47	14.4061	0.0765361	0.000762222	-4137.9	-407.013	10.677	3.02768	1.56954	5.6161	-2729.02
1.475	14.4551	0.0760276	0.000757063	2725.4	267.055	10.7492	3.02806	1.56954	4.89345	-2736.36
1.48	14.5041	0.0755242	0.000751957	-1455.03	488.176	10.8216	3.02844	1.56954	4.57035	-2746.84
1.485	14.5531	0.0750256	0.000746901	-1239.24	-63302.1	10.8942	3.02882	1.56955	6.2142	-2755.96
1.49	14.6021	0.074532	0.000741897	1523.4	478.066	10.9671	3.02919	1.56955	4.58264	-2764.52
1.495	14.6511	0.0740432	0.000736943	-2658.92	280.383	11.0402	3.02956	1.56956	4.87123	-2775.01
1.5	14.7001	0.0735591	0.000732038	4175.53	-486.06	11.1136	3.02993	1.56956	5.65039	-2782.35
1.505	14.7491	0.0730798	0.000727182	318.367	601.131	11.1872	3.0303	1.56956	4.44823	-2792.71
1.51	14.7981	0.0726051	0.000722374	-3746.6	-32.5051	11.2611	3.03066	1.56957	5.34206	-2803.13
1.515	14.8471	0.0721349	0.000717614	3265.9	142.676	11.3352	3.03103	1.56957	5.10137	-2810.45
1.52	14.8961	0.0716693	0.000712901	-882.032	560.267	11.4096	3.03139	1.56957	4.48935	-2820.91
1.525	14.9451	0.0712082	0.000708234	-4367.77	-2390.11	11.4842	3.03174	1.56958	5.94465	-2831.15
1.53	14.9941	0.0707515	0.000703612	2097.68	384.45	11.559	3.0321	1.56958	4.70817	-2838.6
1.535	15.0431	0.0702991	0.000699036	-2091.15	385.589	11.6341	3.03245	1.56958	4.70651	-2849.08
1.54	15.0921	0.069851	0.000694504	4367.99	-2444.97	11.7095	3.0328	1.56959	5.9481	-2856.54
1.545	15.141	0.0694072	0.000690016	888.541	559.595	11.7851	3.03315	1.56959	4.49005	-2866.77
1.55	15.19	0.0689676	0.000685572	-3260	144.268	11.8609	3.03349	1.56959	5.0988	-2877.23
1.555	15.239	0.0685321	0.00068117	3751.66	-35.1594	11.937	3.03384	1.5696	5.345	-2884.55
1.56	15.288	0.0681007	0.00067681	-311.935	601.376	12.0133	3.03418	1.5696	4.44798	-2894.97
1.565	15.337	0.0676733	0.000672493	-4172.07	-478.067	12.0898	3.03452	1.5696	5.64713	-2905.33
1.57	15.386	0.06725	0.000668216	2665.18	279.125	12.1666	3.03486	1.56961	4.8733	-2912.67
1.575	15.435	0.0668305	0.00066398	-1516.99	479.009	12.2437	3.03519	1.56961	4.58146	-2923.16
1.58	15.484	0.066415	0.000659784	1021.53	-64929	12.321	3.03553	1.56961	6.21506	-2931.77
1.585	15.533	0.0660033	0.000655628	1461.34	487.236	12.3985	3.03586	1.56962	4.57146	-2940.84
1.59	15.582	0.0655954	0.000651511	-2719.31	268.266	12.4763	3.03619	1.56962	4.89139	-2951.32
1.595	15.631	0.0651912	0.000647433	4141.41	-413.756	12.5544	3.03651	1.56962	5.6192	-2958.66
1.6	15.68	0.0647908	0.000643393	256.754	603.349	12.6326	3.03684	1.56963	4.44607	-2969.03
1.605	15.729	0.064394	0.000639391	-3794.45	-58.6876	12.7112	3.03716	1.56963	5.37037	-2979.44
1.61	15.778	0.0640008	0.000635425	3209.33	157.666	12.7899	3.03748	1.56963	5.07703	-2986.76
1.615	15.827	0.0636112	0.000631497	-944.039	553.731	12.8689	3.0378	1.56964	4.49621	-2997.22
1.62	15.876	0.0632251	0.000627605	-4366.29	-2989.72	12.9482	3.03812	1.56964	5.97751	-3007.44
1.625	15.925	0.0628425	0.000623749	2035.43	395.225	13.0277	3.03843	1.56964	4.6926	-3014.91
1.63	15.974	0.0624634	0.000619928	-2153.38	374.66	13.1074	3.03875	1.56965	4.7225	-3025.4
1.635	16.023	0.0620876	0.000616142	4362.95	-1983.14	13.1874	3.03906	1.56965	5.91518	-3032.83
1.64	16.072	0.0617152	0.000612391	826.357	565.789	13.2677	3.03937	1.56965	4.48358	-3043.09
1.645	16.121	0.0613462	0.000608674	-3316.25	128.675	13.3482	3.03967	1.56966	5.12362	-3053.54
1.65	16.17	0.0609804	0.00060499	3702.51	-10.6234	13.4289	3.03998	1.56966	5.31684	-3060.86
1.655	16.219	0.0606179	0.00060134	-374.015	598.684	13.5099	3.04028	1.56966	4.45057	-3071.28
1.66	16.268	0.0602586	0.000597723	-4204.72	-561.5	13.5911	3.04059	1.56967	5.67882	-3081.63
1.665	16.317	0.0599024	0.000594139	2603.94	291.178	13.6725	3.04089	1.56967	4.85335	-3088.99
1.67	16.366	0.0595494	0.000590586	-1579.77	469.507	13.7542	3.04119	1.56967	4.59319	-3099.47
1.675	16.415	0.0591995	0.000587066	2729.71	-43680.6	13.8362	3.04148	1.56967	6.2002	-3107.66
1.68	16.464	0.0588526	0.000583577	1398.51	496.291	13.9184	3.04178	1.56968	4.56061	-3117.15
1.685	16.513	0.0585088	0.000580118	-2780.19	255.809	14.0008	3.04207	1.56968	4.91226	-3127.63
1.69	16.562	0.0581679	0.000576691	4105	-350.122	14.0835	3.04236	1.56968	5.58788	-3134.97
1.695	16.6109	0.05783	0.000573293	194.371	605.116	14.1665	3.04265	1.56969	4.44436	-3145.34
1.7	16.6599	0.0574951	0.000569926	-3841.73	-87.4871	14.2496	3.04294	1.56969	5.39941	-3155.75
1.705	16.7089	0.057163	0.000566588	3151.45	172.351	14.333	3.04323	1.56969	5.05283	-3163.07
1.71	16.7579	0.0568337	0.00056328	-1006.87	546.753	14.4167	3.04351	1.56969	4.50364	-3173.54
1.715	16.8069	0.0565073	0.00056	-4354.75	-3829.26	14.5006	3.0438	1.5697	6.01075	-3183.72
1.72	16.8559	0.0561837	0.000556749	1972.32	406.002	14.5848	3.04408	1.5697	4.67732	-3191.22
1.725	16.9049	0.0558629	0.000553526	-2216.32	363.465	14.6692	3.04436	1.5697	4.73917	-3201.71
1.73	16.9539	0.0555448	0.000550331	4352.13	-1626.44	14.7538	3.04464	1.56971	5.8819	-3209.13
1.735	17.0029	0.0552293	0.000547164	763.42	571.672	14.8387	3.04491	1.56971	4.4775	-3219.4
1.74	17.0519	0.0549166	0.000544024	-3372.53	112.244	14.9239	3.04519	1.56971	5.14919	-3229.85
1.745	17.1009	0.0546064	0.000540911	3651.66	12.4839	15.0092	3.04546	1.56971	5.28871	-3237.17
1.75	17.1499	0.0542989	0.000537824	-436.898	595.483	15.0949	3.04573	1.56972	4.45368	-3247.6
1.755	17.1989	0.053994	0.000534764	-4235.63	-660.608	15.1807	3.04601	1.56972	5.71115	-3257.94
1.76	17.2479	0.0536916	0.00053173	2541.68	303.224	15.2669	3.04627	1.56972	4.83363	-3265.3
1.765	17.2969	0.0533917	0.000528722	-1643.35	459.677	15.3532	3.04654	1.56972	4.60555	-3275.78
1.77	17.3459	0.0530944	0.000525739	3577.5	-25875.5	15.4398	3.04681	1.56973	6.17557	-3283.71
1.775	17.3949	0.0527995	0.000522781	1334.92	505.21	15.5267	3.04707	1.56973	4.55011	-3293.47
1.78	17.4439	0.052507	0.000519848	-2841.5	242.983	15.6138	3.04734	1.56973	4.93386	-3303.94
1.785	17.4929	0.052217	0.00051694	4066.34	-293.742	15.7011	3.0476	1.56973	5.55645	-3311.28
1.79	17.5419	0.0519293	0.000514056	131.212	606.405	15.7887	3.04786	1.56974	4.4431	-3321.66
1.795	17.5909	0.051644	0.000511196	-3888.32	-119.386	15.8765	3.04812	1.56974	5.42918	-3332.06
1.8	17.6399	0.051361	0.00050836	3092.28	186.776	15.9646	3.04837	1.56974	5.02877	-3339.38
1.805	17.6889	0.0510804	0.000505548	-1070.53	539.334	16.0529	3.04863	1.56974	4.51165	-3349.85
1.81	17.7379	0.050802	0.000502758	-4327.87	-5054.07	16.1415	3.04889	1.56975	6.04426	-3360
1.815	17.7869	0.0505259	0.000499992	1908.37	416.768	16.2303	3.04914	1.56975	4.66234	-3367.54
1.82	17.8359	0.050252	0.000497249	-2279.95	352	16.3194	3.04939	1.56975	4.75654	-3378.02
1.825	17.8849	0.0499803	0.000494528	4336.48	-1345.59	16.4087	3.04964	1.56975	5.84831	-3385.43
1.83	17.9339	0.0497109	0.000491829	699.728	577.215	16.4982	3.04989	1.56976	4.47184	-3395.72
1.835	17.9829	0.0494435	0.000489153	-3428.76	94.8569	16.588	3.05014	1.56976	5.17552	-3406.17
1.84	18.0319	0.0491784	0.000486498	3599.12	34.3409	16.6781	3.05039	1.56976	5.26062	-3413.48
1.845	18.0809	0.0489153	0.000483864	-500.594	591.763	16.7683	3.05063	1.56976	4.45731	-3423.91
1.85	18.1299	0.0486544	0.000481253	-4264.55	-779.862	16.8589	3.05087	1.56977	5.74412	-3434.25
1.855	18.1789	0.0483955	0.000478662	2478.42	315.27	16.9496	3.05112	1.56977	4.81414	-3441.61
1.86	18.2279	0.0481386	0.000476092	-1707.74	449.523	17.0407	3.05136	1.56977	4.61857	-3452.1
1.865	18.2769	0.0478839	0.000473542	3971.83	-15840	17.1319	3.0516	1.56977	6.14604	-3459.87
1.87	18.3259	0.0476311	0.000471013	1270.57	513.966	17.2234	3.05184	1.56978	4.53998	-3469.78
1.875	18.3749	0.0473803	0.000468505	-2903.2	229.755	17.3152	3.05207	1.56978	4.95621	-3480.26
1.88	18.4239	0.0471314	0.000466016	4025.46	-243.464	17.4072	3.05231	1.56978	5.52494	-3487.59
1.885	18.4729	0.0468845	0.000463547	67.2722	607.197	17.4994	3.05255	1.56978	4.44233	-3497.97
1.89	18.5219	0.0466396	0.000461098	-3934.1	-154.979	17.5919	3.05278	1.56979	5.45968	-3508.38
1.895	18.5709	0.0463965	0.000458668	3031.82	200.979	17.6846	3.05301	1.56979	5.00488	-3515.7
1.9	18.6199	0.0461554	0.000456257	-1135.02	531.478	17.7776	3.05324	1.56979	4.52026	-3526.17
1.905	18.6689	0.0459161	0.000453865	-4275.72	-6933.58	17.8708	3.05347	1.56979	6.07789	-3536.26
1.91	18.7179	0.0456786	0.000451492	1843.6	427.512	17.9643	3.0537	1.56979	4.64767	-3543.85
1.915	18.7669	0.045443	0.000449137	-2344.24	340.261	18.058	3.05393	1.5698	4.77463	-3554.34
1.92	18.8159	0.0452092	0.000446801	4316.65	-1120.73	18.152	3.05416	1.5698	5.81444	-3561.73
1.925	18.8648	0.0449772	0.000444483	635.279	582.386	18.2462	3.05438	1.5698	4.46661	-3572.04
1.93	18.9138	0.044747	0.000442183	-3484.86	76.3721	18.3406	3.05461	1.5698	5.20261	-3582.48
1.935	18.9628	0.0445185	0.000439901	3544.92	55.1032	18.4353	3.05483	1.56981	5.23261	-3589.79
1.94	19.0118	0.0442918	0.000437636	-565.102	587.517	18.5302	3.05505	1.56981	4.46149	-3600.23
1.945	19.0608	0.0440668	0.000435389	-4291.15	-925.42	18.6254	3.05527	1.56981	5.77771	-3610.55
1.95	19.1098	0.0438434	0.000433159	2414.18	327.317	18.7208	3.05549	1.56981	4.79492	-3617.93
1.955	19.1588	0.0436218	0.000430946	-1772.92	439.051	18.8165	3.05571	1.56981	4.63225	-3628.42
1.96	19.2078	0.0434019	0.00042875	4167.33	-10317.2	18.9124	3.05593	1.56982	6.11393	-3636.08
1.965	19.2568	0.0431836	0.000426571	1205.46	522.533	19.0086	3.05615	1.56982	4.53023	-3646.1
1.97	19.3058	0.0429669	0.000424409	-2965.25	216.086	19.105	3.05636	1.56982	4.97933	-3656.57
1.975	19.3548	0.0427519	0.000422262	3982.4	-198.35	19.2017	3.05658	1.56982	5.49338	-3663.9
1.98	19.4038	0.0425384	0.000420132	2.55206	607.468	19.2986	3.05679	1.56983	4.44205	-3674.29
1.985	19.4528	0.0423266	0.000418019	-3978.94	-195.009	19.3957	3.057	1.56983	5.4909	-3684.69
1.99	19.5018	0.0421163	0.000415921	2970.12	214.993	19.4931	3.05721	1.56983	4.98117	-3692.01
1.995	19.5508	0.0419076	0.000413838	-1200.33	523.19	19.5907	3.05742	1.56983	4.52949	-3702.49
2	19.5998	0.0417004	0.000411772	-4177.88	-10002.8	19.6886	3.05763	1.56983	6.11135	-3712.51
2.005	19.6488	0.0414948	0.000409721	1778.02	438.216	19.7867	3.05784	1.56984	4.63334	-3720.17
2.01	19.6978	0.0412906	0.000407685	-2409.16	328.241	19.8851	3.05805	1.56984	4.79344	-3730.66
2.015	19.7468	0.041088	0.000405664	4293.09	-938.005	19.9837	3.05825	1.56984	5.78033	-3738.03
2.02	19.7958	0.0408868	0.000403658	570.079	587.157	20.0825	3.05846	1.56984	4.46183	-3748.35
2.025	19.8448	0.0406871	0.000401667	-3540.72	56.6238	20.1816	3.05866	1.56984	5.23048	-3758.79
2.03	19.8938	0.0404889	0.000399691	3489.08	74.9065	20.281	3.05886	1.56985	5.20469	-3766.11
2.035	19.9428	0.0402921	0.000397729	-630.421	582.74	20.3806	3.05907	1.56985	4.46624	-3776.55
2.04	19.9918	0.0400967	0.000395782	-4315.02	-1105.96	20.4804	3.05927	1.56985	5.81192	-3786.86
2.045	20.0408	0.0399028	0.000393849	2348.98	339.368	20.5805	3.05947	1.56985	4.77598	-3794.25
2.05	20.0898	0.0397102	0.00039193	-1838.87	428.267	20.6808	3.05967	1.56985	4.64662	-3804.73
2.055	20.1388	0.0395191	0.000390025	4270.54	-7105.37	20.7814	3.05986	1.56986	6.08029	-3812.33
2.06	20.1878	0.0393293	0.000388134	1139.6	530.881	20.8822	3.06006	1.56986	4.52089	-3822.42
2.065	20.2368	0.0391408	0.000386257	-3027.57	201.928	20.9833	3.06026	1.56986	5.00322	-3832.89
2.07	20.2858	0.0389538	0.000384393	3937.19	-157.622	21.0846	3.06045	1.56986	5.46179	-3840.21
2.075	20.3348	0.038768	0.000382543	-62.9468	607.199	21.1861	3.06065	1.56986	4.44229	-3850.61
2.08	20.3838	0.0385836	0.000380706	-4022.69	-240.41	21.2879	3.06084	1.56987	5.52286	-3861
2.085	20.4328	0.0384004	0.000378882	2907.2	228.849	21.39	3.06103	1.56987	4.95768	-3868.33
2.09	20.4818	0.0382186	0.000377072	-1266.47	514.477	21.4923	3.06122	1.56987	4.53935	-3878.8
2.095	20.5308	0.0380381	0.000375274	-3987.95	-15399.8	21.5948	3.06141	1.56987	6.14411	-3888.73
2.1	20.5798	0.0378588	0.000373489	1711.63	448.862	21.6976	3.0616	1.56987	4.61937	-3896.49
2.105	20.6288	0.0376808	0.000371717	-2474.68	315.932	21.8006	3.06179	1.56987	4.81301	-3906.97
2.11	20.6778	0.037504	0.000369957	4266.12	-787.526	21.9039	3.06198	1.56988	5.74601	-3914.34
2.115	20.7268	0.0373285	0.00036821	504.124	591.496	22.0074	3.06217	1.56988	4.45752	-3924.67
2.12	20.7758	0.0371542	0.000366475	-3596.27	35.4081	22.1111	3.06235	1.56988	5.25912	-3935.11
2.125	20.8248	0.0369811	0.000364753	3431.64	93.8742	22.2151	3.06254	1.56988	5.17689	-3942.42
2.13	20.8738	0.0368092	0.000363042	-696.56	577.427	22.3194	3.06272	1.56988	4.47157	-3952.87
2.135	20.9228	0.0366386	0.000361344	-4335.61	-1334.09	22.4239	3.06291	1.56989	5.84671	-3963.16
2.14	20.9718	0.036469	0.000359657	2282.83	351.421	22.5286	3.06309	1.56989	4.75734	-3970.56
2.145	21.0208	0.0363007	0.000357983	-1905.6	417.176	22.6336	3.06327	1.56989	4.6617	-3981.05
2.15	21.0698	0.0361335	0.00035632	4326.27	-5116.35	22.7388	3.06345	1.56989	6.04563	-3988.59
2.155	21.1188	0.0359675	0.000354668	1072.99	538.98	22.8443	3.06363	1.56989	4.51197	-3998.74
2.16	21.1678	0.0358026	0.000353028	-3090.11	187.224	22.95	3.06381	1.56989	5.0279	-4009.2
2.165	21.2168	0.0356388	0.000351399	3889.86	-120.629	23.056	3.06399	1.5699	5.43019	-4016.52
2.17	21.2658	0.0354762	0.000349782	-129.237	606.37	23.1622	3.06417	1.5699	4.44306	-4026.93
2.175	21.3148	0.0353147	0.000348175	-4065.2	-292.382	23.2686	3.06435	1.5699	5.55555	-4037.31
2.18	21.3638	0.0351542	0.00034658	2843.08	242.576	23.3753	3.06452	1.5699	4.93442	-4044.65
2.185	21.4128	0.0349949	0.000344996	-1333.45	505.343	23.4823	3.0647	1.5699	4.54987	-4055.12
2.19	21.4618	0.0348366	0.000343422	-3588.38	-25608.1	23.5894	3.06487	1.56991	6.175	-4064.88
2.195	21.5108	0.0346794	0.000341859	1644.45	459.432	23.6969	3.06505	1.56991	4.60577	-4072.81
2.2	21.5598	0.0345232	0.000340307	-2540.78	303.32	23.8046	3.06522	1.56991	4.83334	-4083.29
2.205	21.6088	0.0343681	0.000338766	4235.95	-662.084	23.9125	3.06539	1.56991	5.71151	-4090.65
2.21	21.6578	0.0342141	0.000337235	437.408	595.374	24.0206	3.06556	1.56991	4.4537	-4100.99
2.215	21.7068	0.0340611	0.000335714	-3651.4	12.4785	24.1291	3.06573	1.56991	5.28857	-4111.42
2.22	21.7558	0.0339091	0.000334203	3372.62	112.116	24.2377	3.0659	1.56992	5.14923	-4118.74
2.225	21.8048	0.0337581	0.000332703	-763.525	571.576	24.3466	3.06607	1.56992	4.47751	-4129.19
2.23	21.8538	0.0336081	0.000331213	-4352.16	-1628.6	24.4558	3.06624	1.56992	5.88207	-4139.46
2.235	21.9028	0.0334591	0.000329732	2215.76	363.476	24.5651	3.06641	1.56992	4.73902	-4146.88
2.24	21.9518	0.0333111	0.000328262	-1973.08	405.782	24.6748	3.06658	1.56992	4.6775	-4157.37
2.245	22.0008	0.033164	0.000326801	4354.96	-3814.57	24.7847	3.06674	1.56992	6.01021	-4164.87
2.25	22.0498	0.033018	0.000325351	1005.62	546.799	24.8948	3.06691	1.56993	4.50348	-4175.06
2.255	22.0988	0.0328729	0.000323909	-3152.81	171.904	25.0052	3.06707	1.56993	5.05338	-4185.52
2.26	22.1478	0.0327287	0.000322478	3840.44	-86.8262	25.1158	3.06724	1.56993	5.39861	-4192.84
2.265	22.1968	0.0325855	0.000321056	-196.325	604.965	25.2266	3.0674	1.56993	4.44439	-4203.25
2.27	22.2458	0.0324432	0.000319643	-4106.31	-352.473	25.3377	3.06756	1.56993	5.58898	-4213.63
2.275	22.2948	0.0323019	0.000318239	2777.78	256.199	25.4491	3.06772	1.56993	4.91142	-4220.96
2.28	22.3438	0.0321615	0.000316845	-1401.25	495.797	25.5607	3.06789	1.56993	4.56107	-4231.44
2.285	22.3928	0.032022	0.00031546	-2670.08	-44733.3	25.6725	3.06805	1.56994	6.20116	-4240.91
2.29	22.4418	0.0318833	0.000314084	1576.48	469.903	25.7846	3.06821	1.56994	4.59256	-4249.13
2.295	22.4908	0.0317456	0.000312717	-2607.41	290.388	25.897	3.06836	1.56994	4.85446	-4259.61
2.3	22.5398	0.0316088	0.000311359	4202.76	-556.352	26.0095	3.06852	1.56994	5.67687	-4266.96
2.305	22.5888	0.0314729	0.000310009	369.929	598.759	26.1223	3.06868	1.56994	4.45038	-4277.31
2.31	22.6378	0.0313378	0.000308669	-3705.99	-12.462	26.2354	3.06884	1.56994	5.31881	-4287.74
2.315	22.6868	0.0312036	0.000307337	3312.04	129.728	26.3487	3.06899	1.56995	5.12173	-4295.05
2.32	22.7358	0.0310702	0.000306014	-831.317	565.188	26.4623	3.06915	1.56995	4.48407	-4305.51
2.325	22.7848	0.0309377	0.000304699	-4363.56	-2018.39	26.5761	3.0693	1.56995	5.91796	-4315.77
2.33	22.8338	0.0308061	0.000303393	2147.79	375.526	26.6901	3.06946	1.56995	4.72104	-4323.2
2.335	22.8828	0.0306753	0.000302095	-2041.31	394.088	26.8044	3.06961	1.56995	4.69405	-4333.69
2.34	22.9318	0.0305453	0.000300805	4366.74	-2922.43	26.919	3.06977	1.56995	5.97422	-4341.16
2.345	22.9808	0.0304161	0.000299524	937.517	554.305	27.0337	3.06992	1.56995	4.49546	-4351.38
2.35	23.0298	0.0302877	0.00029825	-3215.59	155.89	27.1488	3.07007	1.56996	5.07969	-4361.84
2.355	23.0788	0.0301602	0.000296985	3788.96	-55.7611	27.264	3.07022	1.56996	5.36707	-4369.15
2.36	23.1278	0.0300335	0.000295728	-264.206	602.969	27.3796	3.07037	1.56996	4.4463	-4379.57
2.365	23.1768	0.0299075	0.000294479	-4145.81	-422.696	27.4953	3.07052	1.56996	5.62312	-4389.94
2.37	23.2257	0.0297824	0.000293238	2711.34	269.737	27.6113	3.07067	1.56996	4.88869	-4397.28
2.375	23.2747	0.029658	0.000292004	-1469.87	485.849	27.7276	3.07082	1.56996	4.57296	-4407.76
2.38	23.3237	0.0295344	0.000290779	-704.344	-66710.8	27.8441	3.07097	1.56997	6.21596	-4416.76
2.385	23.3727	0.0294116	0.000289561	1507.73	480.25	27.9608	3.07111	1.56997	4.57976	-4425.45
2.39	23.4217	0.0292895	0.000288351	-2674.52	277.117	28.0778	3.07126	1.56997	4.87638	-4435.93
2.395	23.4707	0.0291682	0.000287148	4166.67	-466.326	28.195	3.07141	1.56997	5.64211	-4443.27
2.4	23.5197	0.0290476	0.000285953	301.691	601.623	28.3125	3.07155	1.56997	4.44759	-4453.64
2.405	23.5687	0.0289278	0.000284765	-3759.93	-39.7767	28.4302	3.0717	1.56997	5.34985	-4464.06
2.41	23.6177	0.0288087	0.000283585	3249.94	146.795	28.5482	3.07184	1.56997	5.09443	-4471.37
2.415	23.6667	0.0286904	0.000282412	-899.936	558.263	28.6664	3.07199	1.56998	4.49127	-4481.83
2.42	23.7157	0.0285728	0.000281246	-4368.08	-2549.88	28.7849	3.07213	1.56998	5.95434	-4492.06
2.425	23.7647	0.0284559	0.000280087	2078.92	387.562	28.9036	3.07227	1.56998	4.70342	-4499.52
2.43	23.8137	0.0283397	0.000278936	-2110.26	382.098	29.0225	3.07241	1.56998	4.71136	-4510.01
2.435	23.8627	0.0282242	0.000277791	4367.02	-2287.19	29.1417	3.07256	1.56998	5.93777	-4517.45
2.44	23.9117	0.0281094	0.000276654	868.663	561.463	29.2611	3.0727	1.56998	4.48792	-4527.7
2.445	23.9607	0.0279953	0.000275524	-3278.36	139.081	29.3808	3.07284	1.56998	5.10682	-4538.16
2.45	24.0097	0.027882	0.0002744	3735.46	-27.0441	29.5007	3.07298	1.56998	5.33562	-4545.47
2.455	24.0587	0.0277693	0.000273284	-332.891	600.366	29.6209	3.07312	1.56999	4.44879	-4555.9
2.46	24.1077	0.0276572	0.000272174	-4183.49	-505.744	29.7413	3.07325	1.56999	5.65799	-4566.25
2.465	24.1567	0.0275459	0.000271071	2643.77	283.208	29.862	3.07339	1.56999	4.86626	-4573.6
2.47	24.2057	0.0274352	0.000269975	-1539.31	475.506	29.9829	3.07353	1.56999	4.58557	-4584.08
2.475	24.2547	0.0273252	0.000268885	1755.74	-58142.1	30.104	3.07367	1.56999	6.21119	-4592.53
2.48	24.3037	0.0272159	0.000267802	1438.21	490.447	30.2254	3.0738	1.56999	4.5674	-4601.77
2.485	24.3527	0.0271072	0.000266725	-2742.09	263.48	30.3471	3.07394	1.56999	4.89912	-4612.25
2.49	24.4017	0.0269991	0.000265655	4127.77	-388.925	30.469	3.07407	1.57	5.60726	-4619.59
2.495	24.4507	0.0268917	0.000264591	232.679	603.936	30.5911	3.07421	1.57	4.44534	-4629.96
2.5	24.4997	0.0267849	0.000263534	-3813.11	-69.9192	30.7135	3.07434	1.57	5.3817	-4640.37
2.505	24.5487	0.0266788	0.000262483	3186.36	163.396	30.8361	3.07448	1.57	5.06734	-4647.69
2.51	24.5977	0.0265733	0.000261438	-969.395	550.806	30.959	3.07461	1.57	4.49914	-4658.15
2.515	24.6467	0.0264684	0.0002604	-4362.88	-3301.16	31.0821	3.07474	1.57	5.99113	-4668.36
2.52	24.6957	0.0263642	0.000259368	2009.18	399.577	31.2054	3.07487	1.57	4.68618	-4675.84
2.525	24.7447	0.0262605	0.000258341	-2179.92	369.81	31.329	3.07501	1.57	4.72946	-4686.33
2.53	24.7937	0.0261575	0.000257321	4358.89	-1820.16	31.4529	3.07514	1.57001	5.90093	-4693.76
2.535	24.8427	0.026055	0.000256307	799.058	568.239	31.577	3.07527	1.57001	4.48087	-4704.02
2.54	24.8917	0.0259532	0.000255299	-3341.06	121.362	31.7013	3.0754	1.57001	5.13479	-4714.48
2.545	24.9407	0.0258519	0.000254297	3679.97	-0.343994	31.8259	3.07553	1.57001	5.30425	-4721.79
2.55	24.9897	0.0257513	0.000253301	-402.387	597.147	31.9507	3.07566	1.57001	4.4519	-4732.22
2.555	25.0387	0.0256512	0.00025231	-4219.1	-605.25	32.0758	3.07578	1.57001	5.69356	-4742.57
2.56	25.0877	0.0255517	0.000251326	2575.12	296.628	32.2011	3.07591	1.57001	4.84415	-4749.92
2.565	25.1367	0.0254528	0.000250347	-1609.57	464.778	32.3267	3.07604	1.57002	4.59892	-4760.41
2.57	25.1857	0.0253545	0.000249374	3214.65	-34080.7	32.4525	3.07617	1.57002	6.18928	-4768.46
2.575	25.2347	0.0252567	0.000248406	1367.93	500.466	32.5785	3.07629	1.57002	4.55549	-4778.09
2.58	25.2837	0.0251595	0.000247444	-2810.05	249.444	32.7048	3.07642	1.57002	4.9227	-4788.57
2.585	25.3327	0.0250628	0.000246488	4086.16	-321.78	32.8314	3.07654	1.57002	5.57236	-4795.9
2.59	25.3817	0.0249668	0.000245537	162.894	605.67	32.9581	3.07667	1.57002	4.44366	-4806.28
2.595	25.4307	0.0248712	0.000244592	-3865.37	-103.447	33.0852	3.07679	1.57002	5.41437	-4816.69
2.6	25.4797	0.0247762	0.000243652	3121.32	179.598	33.2125	3.07692	1.57002	5.04049	-4824.01
2.605	25.5287	0.0246818	0.000242718	-1039.69	542.822	33.34	3.07704	1.57002	4.5077	-4834.48
2.61	25.5777	0.0245878	0.000241789	-4342.94	-4410.96	33.4677	3.07717	1.57003	6.02825	-4844.64
2.615	25.6267	0.0244945	0.000240865	1938.58	411.556	33.5957	3.07729	1.57003	4.66934	-4852.16
2.62	25.6757	0.0244016	0.000239946	-2250.25	357.223	33.724	3.07741	1.57003	4.74836	-4862.65
2.625	25.7247	0.0243093	0.000239033	4344.16	-1467.47	33.8525	3.07753	1.57003	5.86377	-4870.06
2.63	25.7737	0.0242175	0.000238125	728.705	574.596	33.9813	3.07765	1.57003	4.47434	-4880.35
2.635	25.8227	0.0241262	0.000237222	-3403.58	102.591	34.1102	3.07777	1.57003	5.16362	-4890.8
2.64	25.8717	0.0240354	0.000236325	3622.53	24.6199	34.2395	3.07789	1.57003	5.27302	-4898.11
2.645	25.9207	0.0239451	0.000235432	-472.698	593.301	34.369	3.07801	1.57003	4.45565	-4908.54
2.65	25.9697	0.0238554	0.000234544	-4252.33	-726.214	34.4987	3.07813	1.57004	5.72984	-4918.88
2.655	26.0187	0.0237661	0.000233662	2505.4	310.007	34.6287	3.07825	1.57004	4.82238	-4926.24
2.66	26.0677	0.0236774	0.000232784	-1680.64	453.674	34.7589	3.07837	1.57004	4.61302	-4936.73
2.665	26.1167	0.0235891	0.000231912	3842.29	-19265.2	34.8893	3.07849	1.57004	6.15863	-4944.56
2.67	26.1657	0.0235013	0.000231044	1296.88	510.274	35.02	3.07861	1.57004	4.54405	-4954.41
2.675	26.2147	0.0234141	0.000230181	-2878.34	234.97	35.151	3.07872	1.57004	4.94713	-4964.89
2.68	26.2637	0.0233273	0.000229323	4041.9	-263.03	35.2822	3.07884	1.57004	5.53743	-4972.22
2.685	26.3127	0.023241	0.00022847	92.3323	606.799	35.4136	3.07896	1.57004	4.44256	-4982.61
2.69	26.3617	0.0231551	0.000227621	-3916.57	-141.064	35.5453	3.07907	1.57004	5.44784	-4993.01
2.695	26.4107	0.0230698	0.000226777	3054.87	195.46	35.6772	3.07919	1.57005	5.0139	-5000.33
2.7	26.4597	0.0229849	0.000225938	-1110.83	534.318	35.8094	3.0793	1.57005	4.51696	-5010.8
2.705	26.5087	0.0229004	0.000225104	-4298.6	-6143.19	35.9418	3.07942	1.57005	6.06551	-5020.92
2.71	26.5577	0.0228165	0.000224274	1867.14	423.484	36.0745	3.07953	1.57005	4.65293	-5028.49
2.715	26.6067	0.022733	0.000223448	-2321.23	344.335	36.2074	3.07965	1.57005	4.76808	-5038.97
2.72	26.6557	0.0226499	0.000222628	4324	-1194.92	36.3406	3.07976	1.57005	5.82634	-5046.37
2.725	26.7047	0.0225673	0.000221811	657.604	580.498	36.474	3.07987	1.57005	4.46836	-5056.67
2.73	26.7537	0.0224852	0.000221	-3465.81	82.599	36.6076	3.07999	1.57005	5.19331	-5067.12
2.735	26.8027	0.0224035	0.000220192	3563.18	48.0901	36.7415	3.0801	1.57006	5.24194	-5074.43
2.74	26.8517	0.0223222	0.000219389	-543.826	588.822	36.8757	3.08021	1.57006	4.46004	-5084.87
2.745	26.9007	0.0222414	0.000218591	-4282.81	-875.675	37.01	3.08032	1.57006	5.7668	-5095.19
2.75	26.9497	0.0221611	0.000217797	2434.64	323.353	37.1447	3.08043	1.57006	4.80098	-5102.57
2.755	26.9987	0.0220811	0.000217007	-1752.51	442.206	37.2795	3.08054	1.57006	4.6279	-5113.05
2.76	27.0477	0.0220016	0.000216221	4120.16	-11691.7	37.4146	3.08065	1.57006	6.12394	-5120.75
2.765	27.0967	0.0219225	0.00021544	1225.08	519.838	37.55	3.08076	1.57006	4.53311	-5130.74
2.77	27.1457	0.0218439	0.000214663	-2946.91	220.012	37.6856	3.08087	1.57006	4.97242	-5141.21
2.775	27.1947	0.0217656	0.00021389	3995.06	-211.203	37.8215	3.08098	1.57006	5.5025	-5148.54
2.78	27.2437	0.0216878	0.000213122	20.9918	607.297	37.9576	3.08109	1.57006	4.44206	-5158.93
2.785	27.2927	0.0216104	0.000212357	-3966.55	-183.655	38.0939	3.0812	1.57007	5.48214	-5169.33
2.79	27.3417	0.0215334	0.000211596	2987.05	211.036	38.2305	3.08131	1.57007	4.9876	-5176.65
2.795	27.3907	0.0214568	0.00021084	-1182.8	525.303	38.3673	3.08141	1.57007	4.52695	-5187.13
2.8	27.4397	0.0213807	0.000210088	-4209.48	-9040.56	38.5044	3.08152	1.57007	6.10262	-5197.17
2.805	27.4887	0.0213049	0.000209339	1794.87	435.34	38.6417	3.08163	1.57007	4.63696	-5204.81
2.81	27.5377	0.0212295	0.000208595	-2392.82	331.138	38.7793	3.08173	1.57007	4.78865	-5215.3
2.815	27.5867	0.0211546	0.000207855	4299.15	-980.079	38.9171	3.08184	1.57007	5.7887	-5222.68
2.82	27.6357	0.02108	0.000207118	585.758	585.907	39.0551	3.08195	1.57007	4.46292	-5233
2.825	27.6847	0.0210058	0.000206386	-3527.66	61.1825	39.1934	3.08205	1.57007	5.22387	-5243.44
2.83	27.7337	0.020932	0.000205657	3501.97	70.2743	39.332	3.08216	1.57008	5.21105	-5250.75
2.835	27.7827	0.0208586	0.000204932	-615.772	583.707	39.4708	3.08226	1.57008	4.46512	-5261.19
2.84	27.8317	0.0207856	0.000204212	-4310.04	-1063.78	39.6098	3.08236	1.57008	5.80441	-5271.5
2.845	27.8807	0.020713	0.000203494	2362.87	336.67	39.7491	3.08247	1.57008	4.77996	-5278.89
2.85	27.9297	0.0206407	0.000202781	-1825.16	430.383	39.8886	3.08257	1.57008	4.64358	-5289.38
2.855	27.9787	0.0205689	0.000202071	4254.3	-7632.04	40.0284	3.08268	1.57008	6.08714	-5296.98
2.86	28.0277	0.0204974	0.000201365	1152.54	529.123	40.1684	3.08278	1.57008	4.52267	-5307.06
2.865	28.0767	0.0204262	0.000200663	-3015.67	204.511	40.3087	3.08288	1.57008	4.9986	-5317.53
2.87	28.1257	0.0203555	0.000199965	3945.7	-165.121	40.4492	3.08298	1.57008	5.46762	-5324.86
2.875	28.1747	0.0202851	0.00019927	-51.1278	607.142	40.5899	3.08308	1.57008	4.4422	-5335.26
2.88	28.2237	0.020215	0.000198578	-4015.13	-232.36	40.7309	3.08318	1.57009	5.51724	-5345.65
2.885	28.2727	0.0201454	0.000197891	2917.88	226.371	40.8722	3.08329	1.57009	4.96162	-5352.98
2.89	28.3217	0.0200761	0.000197206	-1255.6	515.788	41.0137	3.08339	1.57009	4.53768	-5363.45
2.895	28.3707	0.0200071	0.000196526	-4027.08	-14318	41.1554	3.08349	1.57009	6.139	-5373.39
2.9	28.4197	0.0199385	0.000195849	1721.8	447.104	41.2974	3.08359	1.57009	4.62146	-5381.14
2.905	28.4687	0.0198703	0.000195175	-2464.98	317.623	41.4396	3.08369	1.57009	4.81007	-5391.62
2.91	28.5177	0.0198024	0.000194505	4270.11	-807.736	41.5821	3.08379	1.57009	5.75088	-5398.99
2.915	28.5667	0.0197348	0.000193838	513.166	590.786	41.7248	3.08388	1.57009	4.45807	-5409.32
2.92	28.6157	0.0196676	0.000193175	-3588.99	38.0911	41.8677	3.08398	1.57009	5.25531	-5419.76
2.925	28.6647	0.0196007	0.000192515	3438.94	91.3542	42.0109	3.08408	1.57009	5.18037	-5427.07
2.93	28.7137	0.0195342	0.000191859	-688.541	577.952	42.1544	3.08418	1.5701	4.47088	-5437.52
2.935	28.7627	0.019468	0.000191206	-4333.38	-1305.61	42.2981	3.08428	1.5701	5.84266	-5447.81
2.94	28.8117	0.0194022	0.000190556	2290.13	349.959	42.442	3.08437	1.5701	4.75936	-5455.21
2.945	28.8607	0.0193366	0.000189909	-1898.57	418.212	42.5862	3.08447	1.5701	4.66007	-5465.7
2.95	28.9097	0.0192715	0.000189266	4322.01	-5278.98	42.7306	3.08457	1.5701	6.04909	-5473.25
2.955	28.9587	0.0192066	0.000188626	1079.26	538.09	42.8753	3.08466	1.5701	4.51277	-5483.39
2.96	29.0077	0.0191421	0.000187989	-3084.54	188.397	43.0202	3.08476	1.5701	5.02567	-5493.86
2.965	29.0567	0.0190778	0.000187356	3893.87	-123.828	43.1653	3.08485	1.5701	5.43281	-5501.18
2.97	29.1057	0.019014	0.000186726	-124.035	606.311	43.3108	3.08495	1.5701	4.44297	-5511.59
2.975	29.1547	0.0189504	0.000186099	-4062.13	-288.659	43.4564	3.08504	1.5701	5.55314	-5521.97
2.98	29.2037	0.0188871	0.000185475	2847.42	241.508	43.6023	3.08514	1.5701	4.93597	-5529.3
2.985	29.2527	0.0188242	0.000184854	-1329.24	505.785	43.7484	3.08523	1.57011	4.54918	-5539.78
2.99	29.3017	0.0187616	0.000184236	-3620.15	-24829.7	43.8948	3.08533	1.57011	6.17331	-5549.55
2.995	29.3507	0.0186993	0.000183621	1647.93	458.75	44.0415	3.08542	1.57011	4.60645	-5557.46
3	29.3997	0.0186373	0.00018301	-2537.67	303.774	44.1883	3.08551	1.57011	4.83237	-5567.95
3.005	29.4487	0.0185756	0.000182401	4237.23	-667.308	44.3355	3.08561	1.57011	5.71293	-5575.31
3.01	29.4977	0.0185142	0.000181796	439.823	595.099	44.4828	3.0857	1.57011	4.45382	-5585.65
3.015	29.5467	0.0184531	0.000181193	-3649.69	13.0178	44.6304	3.08579	1.57011	5.28764	-5596.08
3.02	29.5957	0.0183923	0.000180594	3374.13	111.488	44.7783	3.08588	1.57011	5.14992	-5603.4
3.025	29.6447	0.0183318	0.000179997	-762.138	571.56	44.9264	3.08598	1.57011	4.47737	-5613.85
3.03	29.6937	0.0182717	0.000179404	-4351.89	-1624.34	45.0747	3.08607	1.57011	5.88152	-5624.12
3.035	29.7427	0.0182118	0.000178813	2216.43	363.218	45.2233	3.08616	1.57011	4.73919	-5631.54
3.04	29.7917	0.0181522	0.000178225	-1972.74	405.703	45.3722	3.08625	1.57012	4.67741	-5642.03
3.045	29.8407	0.0180929	0.000177641	4354.84	-3815.96	45.5212	3.08634	1.57012	6.01019	-5649.53
3.05	29.8897	0.0180338	0.000177059	1005.25	546.701	45.6706	3.08643	1.57012	4.50343	-5659.72
3.055	29.9387	0.0179751	0.00017648	-3153.46	171.584	45.8201	3.08652	1.57012	5.05365	-5670.18
3.06	29.9877	0.0179167	0.000175903	3839.63	-86.5468	45.97	3.08661	1.57012	5.3981	-5677.5
3.065	30.0367	0.0178585	0.00017533	-197.732	604.787	46.12	3.0867	1.57012	4.44442	-5687.91
3.07	30.0857	0.0178006	0.000174759	-4107.33	-354.495	46.2703	3.08679	1.57012	5.58985	-5698.29
3.075	30.1347	0.017743	0.000174191	2775.71	256.48	46.4209	3.08688	1.57012	4.91069	-5705.63
3.08	30.1837	0.0176857	0.000173626	-1403.71	495.307	46.5717	3.08697	1.57012	4.56147	-5716.11
3.085	30.2327	0.0176287	0.000173064	-2611.93	-45730.7	46.7227	3.08705	1.57012	6.20204	-5725.56
3.09	30.2817	0.0175719	0.000172504	1573.28	470.251	46.874	3.08714	1.57012	4.59194	-5733.79
3.095	30.3307	0.0175154	0.000171947	-2610.84	289.573	47.0255	3.08723	1.57013	4.85556	-5744.27
3.1	30.3797	0.0174592	0.000171393	4200.76	-551.274	47.1773	3.08732	1.57013	5.67489	-5751.63
3.105	30.4287	0.0174033	0.000170842	365.731	598.81	47.3293	3.08741	1.57013	4.45018	-5761.98
3.11	30.4777	0.0173476	0.000170293	-3709.6	-14.4133	47.4816	3.08749	1.57013	5.32085	-5772.4
3.115	30.5267	0.0172922	0.000169747	3307.6	130.811	47.6341	3.08758	1.57013	5.11975	-5779.72
3.12	30.5757	0.017237	0.000169203	-836.564	564.534	47.7869	3.08766	1.57013	4.48459	-5790.18
3.125	30.6247	0.0171821	0.000168662	-4364.15	-2056.9	47.9399	3.08775	1.57013	5.92092	-5800.43
3.13	30.6737	0.0171275	0.000168123	2141.8	376.441	48.0931	3.08784	1.57013	4.71947	-5807.87
3.135	30.7227	0.0170731	0.000167588	-2047.62	392.861	48.2466	3.08792	1.57013	4.6956	-5818.36
3.14	30.7717	0.017019	0.000167054	4367.12	-2852.49	48.4003	3.08801	1.57013	5.97069	-5825.82
3.145	30.8207	0.0169652	0.000166524	930.499	554.915	48.5543	3.08809	1.57013	4.49466	-5836.05
3.15	30.8697	0.0169116	0.000165995	-3222.31	153.969	48.7085	3.08818	1.57013	5.08255	-5846.51
3.155	30.9187	0.0168582	0.00016547	3783.04	-52.6396	48.863	3.08826	1.57014	5.36353	-5853.82
3.16	30.9677	0.0168051	0.000164946	-272.222	602.554	49.0177	3.08835	1.57014	4.44655	-5864.24
3.165	31.0167	0.0167523	0.000164426	-4150.5	-432.469	49.1727	3.08843	1.57014	5.62734	-5874.61
3.17	31.0657	0.0166997	0.000163907	2702.78	271.317	49.3279	3.08851	1.57014	4.8858	-5881.95
3.175	31.1147	0.0166474	0.000163392	-1479	484.367	49.4833	3.0886	1.57014	4.57458	-5892.43
3.18	31.1637	0.0165953	0.000162878	-354.082	-67906	49.639	3.08868	1.57014	6.21653	-5901.35
3.185	31.2127	0.0165434	0.000162367	1497.87	481.577	49.795	3.08876	1.57014	4.57797	-5910.12
3.19	31.2617	0.0164918	0.000161859	-2684.43	274.993	49.9512	3.08885	1.57014	4.87967	-5920.6
3.195	31.3107	0.0164404	0.000161352	4160.9	-454.158	50.1076	3.08893	1.57014	5.6368	-5927.95
3.2	31.3597	0.0163893	0.000160848	290.886	601.884	50.2643	3.08901	1.57014	4.44719	-5938.31
3.205	31.4087	0.0163384	0.000160347	-3768.6	-44.6718	50.4212	3.08909	1.57014	5.35495	-5948.73
3.21	31.4577	0.0162877	0.000159848	3239.4	149.445	50.5784	3.08917	1.57014	5.08988	-5956.04
3.215	31.5067	0.0162373	0.000159351	-911.821	556.881	50.7358	3.08925	1.57014	4.49257	-5966.5
3.22	31.5557	0.0161871	0.000158857	-4367.89	-2665.17	50.8934	3.08934	1.57015	5.96081	-5976.73
3.225	31.6047	0.0161372	0.000158364	2066.28	389.618	51.0513	3.08942	1.57015	4.70024	-5984.19
3.23	31.6537	0.0160874	0.000157874	-2123.21	379.691	51.2095	3.0895	1.57015	4.71467	-5994.68
3.235	31.7027	0.0160379	0.000157387	4365.98	-2187.64	51.3679	3.08958	1.57015	5.93072	-6002.13
3.24	31.7517	0.0159887	0.000156901	855.02	562.69	51.5265	3.08966	1.57015	4.48648	-6012.38
3.245	31.8007	0.0159396	0.000156418	-3291	135.427	51.6854	3.08974	1.57015	5.11238	-6022.83
3.25	31.8497	0.0158908	0.000155937	3724.15	-21.5763	51.8445	3.08982	1.57015	5.32912	-6030.15
3.255	31.8987	0.0158422	0.000155459	-347.513	599.599	52.0039	3.0899	1.57015	4.44939	-6040.57
3.26	31.9477	0.0157938	0.000154982	-4191.35	-526.122	52.1635	3.08997	1.57015	5.66562	-6050.93
3.265	31.9967	0.0157457	0.000154508	2628.66	286.044	52.3234	3.09005	1.57015	4.86133	-6058.28
3.27	32.0457	0.0156977	0.000154036	-1555.11	472.981	52.4835	3.09013	1.57015	4.58851	-6068.76
3.275	32.0947	0.01565	0.000153566	2197.79	-52326.9	52.6438	3.09021	1.57015	6.2073	-6077.1
3.28	32.1437	0.0156025	0.000153098	1421.69	492.694	52.8044	3.09029	1.57016	4.56454	-6086.45
3.285	32.1927	0.0155552	0.000152632	-2758.39	260.001	52.9652	3.09037	1.57016	4.90471	-6096.93
3.29	32.2417	0.0155082	0.000152169	4117.78	-371.901	53.1263	3.09044	1.57016	5.59869	-6104.27
3.295	32.2907	0.0154613	0.000151707	215.278	604.287	53.2877	3.09052	1.57016	4.44485	-6114.64
3.3	32.3397	0.0154147	0.000151248	-3826.52	-78.3489	53.4492	3.0906	1.57016	5.38995	-6125.05
3.305	32.3887	0.0153682	0.000150791	3169.57	167.494	53.6111	3.09068	1.57016	5.06032	-6132.37
3.31	32.4377	0.015322	0.000150335	-987.921	548.608	53.7731	3.09075	1.57016	4.50133	-6142.83
3.315	32.4867	0.015276	0.000149882	-4359.14	-3558.71	53.9354	3.09083	1.57016	6.00111	-6153.03
3.32	32.5357	0.0152302	0.000149431	1989.87	402.738	54.098	3.09091	1.57016	4.68151	-6160.52
3.325	32.5847	0.0151846	0.000148982	-2199.47	366.193	54.2608	3.09098	1.57016	4.73464	-6171.01
3.33	32.6337	0.0151392	0.000148535	4355.26	-1710.97	54.4238	3.09106	1.57016	5.89039	-6178.43
3.335	32.6827	0.015094	0.00014809	778.803	569.984	54.5871	3.09113	1.57016	4.47892	-6188.71
3.34	32.7317	0.015049	0.000147647	-3359.42	115.804	54.7507	3.09121	1.57016	5.14316	-6199.16
3.345	32.7807	0.0150042	0.000147206	3663.02	7.08556	54.9144	3.09128	1.57016	5.29491	-6206.47
3.35	32.8297	0.0149596	0.000146767	-423.616	595.91	55.0785	3.09136	1.57017	4.45296	-6216.9
3.355	32.8787	0.0149152	0.00014633	-4229.58	-640.375	55.2427	3.09143	1.57017	5.70465	-6227.25
3.36	32.9277	0.014871	0.000145894	2553.41	300.683	55.4073	3.09151	1.57017	4.83729	-6234.61
3.365	32.9767	0.014827	0.000145461	-1632.04	461.162	55.572	3.09158	1.57017	4.6033	-6245.09
3.37	33.0257	0.0147832	0.00014503	3477.25	-28212.2	55.737	3.09166	1.57017	6.18003	-6253.06
3.375	33.0747	0.0147396	0.0001446	1344.77	503.565	55.9023	3.09173	1.57017	4.55169	-6262.78
3.38	33.1237	0.0146961	0.000144173	-2832.65	244.555	56.0678	3.0918	1.57017	4.9307	-6273.25
3.385	33.1727	0.0146529	0.000143747	4071.54	-301.456	56.2335	3.09188	1.57017	5.5606	-6280.59
3.39	33.2217	0.0146099	0.000143324	138.906	605.988	56.3995	3.09195	1.57017	4.44321	-6290.97
3.395	33.2707	0.014567	0.000142902	-3883.19	-116.186	56.5657	3.09202	1.57017	5.42584	-6301.38
3.4	33.3197	0.0145244	0.000142482	3098.17	185.049	56.7322	3.0921	1.57017	5.03113	-6308.7
3.405	33.3687	0.0144819	0.000142064	-1064.86	539.726	56.8989	3.09217	1.57017	4.5109	-6319.17
3.41	33.4177	0.0144396	0.000141647	-4330.38	-4944.87	57.0659	3.09224	1.57017	6.04164	-6329.32
3.415	33.4667	0.0143975	0.000141233	1912.6	415.784	57.2331	3.09231	1.57017	4.6633	-6336.85
3.42	33.5157	0.0143556	0.00014082	-2276.38	352.368	57.4006	3.09238	1.57018	4.75554	-6347.34
3.425	33.5647	0.0143138	0.000140409	4337.17	-1358.25	57.5683	3.09246	1.57018	5.84979	-6354.74
3.43	33.6137	0.0142723	0.00014	701.856	576.752	57.7362	3.09253	1.57018	4.472	-6365.04
3.435	33.6627	0.0142309	0.000139593	-3427.46	94.9157	57.9044	3.0926	1.57018	5.17489	-6375.49
3.44	33.7117	0.0141897	0.000139187	3599.71	33.713	58.0728	3.09267	1.57018	5.26093	-6382.8
3.445	33.7607	0.0141487	0.000138784	-500.531	591.483	58.2415	3.09274	1.57018	4.45728	-6393.23
3.45	33.8097	0.0141078	0.000138382	-4264.77	-782.203	58.4104	3.09281	1.57018	5.74444	-6403.57
3.455	33.8587	0.0140672	0.000137982	2477.05	315.245	58.5796	3.09288	1.57018	4.81372	-6410.94
3.46	33.9077	0.0140267	0.000137583	-1709.76	448.925	58.749	3.09295	1.57018	4.61897	-6421.42
3.465	33.9567	0.0139864	0.000137186	3982.24	-15542.2	58.9187	3.09302	1.57018	6.14468	-6429.19
3.47	34.0057	0.0139462	0.000136791	1267.1	514.153	59.0886	3.09309	1.57018	4.53943	-6439.11
3.475	34.0547	0.0139062	0.000136398	-2907.14	228.602	59.2587	3.09316	1.57018	4.95765	-6449.58
3.48	34.1037	0.0138664	0.000136006	4022.28	-240.496	59.4291	3.09323	1.57018	5.52257	-6456.91
3.485	34.1527	0.0138268	0.000135616	61.7646	606.956	59.5998	3.0933	1.57018	4.44226	-6467.3
3.49	34.2017	0.0137874	0.000135228	-3938.42	-159.138	59.7707	3.09337	1.57019	5.46263	-6477.7
3.495	34.2507	0.0137481	0.000134841	3025.25	202.189	59.9418	3.09344	1.57019	5.00231	-6485.03
3.5	34.2997	0.0137089	0.000134456	-1142.64	530.25	60.1132	3.09351	1.57019	4.52129	-6495.5
3.505	34.3487	0.01367	0.000134073	-4265.9	-7250.45	60.2848	3.09357	1.57019	6.08218	-6505.59
3.51	34.3977	0.0136312	0.000133691	1834.5	428.734	60.4567	3.09364	1.57019	4.64564	-6513.18
3.515	34.4467	0.0135926	0.000133311	-2353.88	338.209	60.6288	3.09371	1.57019	4.77737	-6523.67
3.52	34.4957	0.0135541	0.000132933	4313.03	-1090.17	60.8011	3.09378	1.57019	5.80897	-6531.06
3.525	34.5447	0.0135158	0.000132556	624.174	582.951	60.9737	3.09385	1.57019	4.46574	-6541.37
3.53	34.5937	0.0134777	0.000132181	-3494.99	72.5341	61.1466	3.09391	1.57019	5.20759	-6551.81
3.535	34.6427	0.0134397	0.000131807	3534.28	58.6181	61.3197	3.09398	1.57019	5.22721	-6559.13
3.54	34.6917	0.0134019	0.000131435	-578.264	586.312	61.493	3.09405	1.57019	4.46238	-6569.57
3.545	34.7407	0.0133642	0.000131064	-4296.41	-961.789	61.6666	3.09412	1.57019	5.78494	-6579.89
3.55	34.7897	0.0133267	0.000130695	2399.63	329.743	61.8404	3.09418	1.57019	4.79063	-6587.27
3.555	34.8387	0.0132894	0.000130328	-1788.27	436.284	62.0145	3.09425	1.57019	4.63553	-6597.75
3.56	34.8877	0.0132522	0.000129962	4198.25	-9378.66	62.1888	3.09432	1.57019	6.10578	-6605.4
3.565	34.9367	0.0132152	0.000129598	1188.69	524.414	62.3634	3.09438	1.5702	4.52778	-6615.44
3.57	34.9857	0.0131783	0.000129235	-2981.76	212.08	62.5382	3.09445	1.5702	4.98558	-6625.91
3.575	35.0347	0.0131416	0.000128874	3970.09	-187.214	62.7132	3.09451	1.5702	5.48463	-6633.24
3.58	35.0837	0.013105	0.000128514	-16.1515	607.166	62.8885	3.09458	1.5702	4.44204	-6643.63
3.585	35.1327	0.0130686	0.000128156	-3992.02	-208.436	63.064	3.09464	1.5702	5.50031	-6654.03
3.59	35.1817	0.0130323	0.000127799	2950.86	218.982	63.2398	3.09471	1.5702	4.9739	-6661.36
3.595	35.2307	0.0129962	0.000127444	-1221.26	520.193	63.4159	3.09477	1.5702	4.53253	-6671.83
3.6	35.2797	0.0129602	0.00012709	-4128.59	-11441.7	63.5921	3.09484	1.5702	6.1222	-6681.83
3.605	35.3287	0.0129244	0.000126738	1755.58	441.565	63.7687	3.0949	1.5702	4.62854	-6689.52
3.61	35.3777	0.0128888	0.000126387	-2431.94	323.707	63.9454	3.09497	1.5702	4.80017	-6700
3.615	35.4267	0.0128532	0.000126038	4283.7	-881.687	64.1224	3.09503	1.5702	5.76799	-6707.38
3.62	35.4757	0.0128179	0.00012569	545.756	588.537	64.2997	3.0951	1.5702	4.46016	-6717.7
3.625	35.5247	0.0127826	0.000125343	-3561.86	48.3792	64.4772	3.09516	1.5702	5.24126	-6728.14
3.63	35.5737	0.0127476	0.000124998	3466.81	82.065	64.6549	3.09522	1.5702	5.19379	-6735.45
3.635	35.6227	0.0127126	0.000124655	-656.824	580.399	64.8329	3.09529	1.5702	4.46828	-6745.9
3.64	35.6717	0.0126778	0.000124312	-4323.83	-1194.44	65.0112	3.09535	1.5702	5.82613	-6756.2
3.645	35.7207	0.0126432	0.000123972	2321.18	344.181	65.1896	3.09542	1.57021	4.76806	-6763.6
3.65	35.7697	0.0126087	0.000123632	-1867.55	423.252	65.3684	3.09548	1.57021	4.65302	-6774.09
3.655	35.8187	0.0125743	0.000123294	4299.11	-6120.27	65.5473	3.09554	1.57021	6.06506	-6781.65
3.66	35.8677	0.0125401	0.000122957	1109.55	534.305	65.7266	3.0956	1.57021	4.51678	-6791.77
3.665	35.9167	0.012506	0.000122622	-3056.43	194.907	65.906	3.09567	1.57021	5.01451	-6802.24
3.67	35.9657	0.012472	0.000122288	3915.05	-140.194	66.0857	3.09573	1.57021	5.44683	-6809.56
3.675	36.0147	0.0124382	0.000121956	-94.851	606.592	66.2657	3.09579	1.57021	4.44257	-6819.97
3.68	36.0637	0.0124045	0.000121625	-4043.77	-265.703	66.4459	3.09585	1.57021	5.53887	-6830.35
3.685	36.1127	0.012371	0.000121295	2875.05	235.489	66.6263	3.09592	1.57021	4.94593	-6837.69
3.69	36.1617	0.0123376	0.000120966	-1300.72	509.573	66.807	3.09598	1.57021	4.54464	-6848.16
3.695	36.2107	0.0123043	0.000120639	-3816.88	-19909.5	66.9879	3.09604	1.57021	6.1606	-6858.01
3.7	36.2597	0.0122712	0.000120313	1675.86	454.249	67.1691	3.0961	1.57021	4.61204	-6865.85
3.705	36.3087	0.0122382	0.000119989	-2510.51	308.847	67.3505	3.09616	1.57021	4.82394	-6876.33
3.71	36.3577	0.0122053	0.000119666	4249.74	-716.29	67.5322	3.09622	1.57021	5.72691	-6883.7
3.715	36.4067	0.0121726	0.000119344	466.596	593.466	67.7141	3.09628	1.57021	4.45528	-6894.04
3.72	36.4557	0.01214	0.000119023	-3627.93	22.1049	67.8963	3.09634	1.57021	5.2759	-6904.47
3.725	36.5047	0.0121075	0.000118704	3397.34	104.279	68.0787	3.09641	1.57022	5.1607	-6911.78
3.73	36.5537	0.0120752	0.000118386	-736.214	573.745	68.2613	3.09647	1.57022	4.475	-6922.23
3.735	36.6027	0.0120429	0.000118069	-4346.05	-1504.01	68.4442	3.09653	1.57022	5.86798	-6932.52
3.74	36.6517	0.0120109	0.000117753	2241.74	358.56	68.6273	3.09659	1.57022	4.74603	-6939.93
3.745	36.7007	0.0119789	0.000117439	-1947.58	409.842	68.8107	3.09665	1.57022	4.67145	-6950.42
3.75	36.7497	0.0119471	0.000117126	4346.56	-4236.12	68.9943	3.09671	1.57022	6.02324	-6957.93
3.755	36.7987	0.0119154	0.000116815	1029.69	543.78	69.1782	3.09677	1.57022	4.50643	-6968.11
3.76	36.8477	0.0118838	0.000116504	-3131.05	176.987	69.3623	3.09682	1.57022	5.04445	-6978.57
3.765	36.8967	0.0118523	0.000116195	3857.26	-98.318	69.5467	3.09688	1.57022	5.40921	-6985.89
3.77	36.9457	0.011821	0.000115887	-174.335	605.214	69.7313	3.09694	1.57022	4.44388	-6996.3
3.775	36.9947	0.0117898	0.00011558	-4093.42	-333.089	69.9161	3.097	1.57022	5.5783	-7006.68
3.78	37.0437	0.0117587	0.000115275	2797.89	251.757	70.1012	3.09706	1.57022	4.91842	-7014.02
3.785	37.0927	0.0117278	0.00011497	-1381.02	498.409	70.2866	3.09712	1.57022	4.55765	-7024.5
3.79	37.1417	0.0116969	0.000114667	-3016.1	-38166.2	70.4722	3.09718	1.57022	6.19439	-7034.07
3.795	37.1907	0.0116662	0.000114365	1595.36	466.752	70.658	3.09724	1.57022	4.59615	-7042.18
3.8	37.2397	0.0116356	0.000114064	-2589.52	293.61	70.8441	3.0973	1.57022	4.84872	-7052.67
3.805	37.2887	0.0116051	0.000113765	4211.53	-582.745	71.0304	3.09735	1.57022	5.68578	-7060.02
3.81	37.3377	0.0115748	0.000113466	386.7	597.697	71.217	3.09741	1.57022	4.45113	-7070.37
3.815	37.3867	0.0115445	0.000113169	-3693.03	-6.71662	71.4038	3.09747	1.57023	5.31152	-7080.8
3.82	37.4357	0.0115144	0.000112873	3325.95	125.449	71.5908	3.09753	1.57023	5.12797	-7088.11
3.825	37.4847	0.0114844	0.000112578	-816.434	566.36	71.7781	3.09758	1.57023	4.48256	-7098.57
3.83	37.5337	0.0114545	0.000112284	-4361.56	-1929.18	71.9657	3.09764	1.57023	5.91042	-7108.83
3.835	37.5827	0.0114248	0.000111992	2161.34	372.873	72.1535	3.0977	1.57023	4.72456	-7116.26
3.84	37.6317	0.0113951	0.0001117	-2028.33	396.064	72.3415	3.09776	1.57023	4.69084	-7126.75
3.845	37.6807	0.0113656	0.00011141	4365.4	-3062.86	72.5298	3.09781	1.57023	5.9807	-7134.23
3.85	37.7297	0.0113362	0.000111121	949.104	552.79	72.7183	3.09787	1.57023	4.49677	-7144.44
3.855	37.7787	0.0113069	0.000110833	-3205.51	158.202	72.9071	3.09793	1.57023	5.0754	-7154.9
3.86	37.8277	0.0112777	0.000110546	3796.8	-60.689	73.0961	3.09798	1.57023	5.37179	-7162.22
3.865	37.8767	0.0112486	0.00011026	-254.608	603.015	73.2854	3.09804	1.57023	4.44597	-7172.64
3.87	37.9257	0.0112196	0.000109975	-4140.69	-413.516	73.4749	3.0981	1.57023	5.61859	-7183.01
3.875	37.9747	0.0111908	0.000109692	2719.42	267.83	73.6646	3.09815	1.57023	4.89141	-7190.35
3.88	38.0237	0.011162	0.000109409	-1462.14	486.72	73.8546	3.09821	1.57023	4.57157	-7200.83
3.885	38.0727	0.0111334	0.000109128	-955.673	-65271.5	74.0448	3.09826	1.57023	6.21519	-7209.89
3.89	38.1217	0.0111048	0.000108847	1514.1	479.04	74.2353	3.09832	1.57023	4.58091	-7218.52
3.895	38.1707	0.0110764	0.000108568	-2668.91	277.965	74.4261	3.09837	1.57023	4.87451	-7229
3.9	38.2197	0.0110481	0.00010829	4169.36	-473.19	74.617	3.09843	1.57023	5.64464	-7236.35
3.905	38.2687	0.0110199	0.000108013	306.059	601.187	74.8083	3.09848	1.57024	4.44773	-7246.71
3.91	38.3177	0.0109918	0.000107737	-3757	-38.6292	74.9997	3.09854	1.57024	5.34813	-7257.13
3.915	38.3667	0.0109638	0.000107462	3252.72	145.741	75.1914	3.09859	1.57024	5.09563	-7264.45
3.92	38.4157	0.010936	0.000107188	-897.491	558.252	75.3834	3.09865	1.57024	4.49099	-7274.91
3.925	38.4647	0.0109082	0.000106915	-4367.92	-2536.2	75.5756	3.0987	1.57024	5.95338	-7285.14
3.93	38.5137	0.0108805	0.000106643	2080.01	387.113	75.768	3.09876	1.57024	4.70368	-7292.6
3.935	38.5627	0.010853	0.000106372	-2109.76	381.924	75.9607	3.09881	1.57024	4.71122	-7303.09
3.94	38.6117	0.0108255	0.000106102	4366.87	-2287.79	76.1537	3.09887	1.57024	5.93765	-7310.53
3.945	38.6607	0.0107982	0.000105833	867.799	561.285	76.3468	3.09892	1.57024	4.48781	-7320.78
3.95	38.7097	0.0107709	0.000105566	-3279.69	138.404	76.5403	3.09897	1.57024	5.1074	-7331.24
3.955	38.7587	0.0107438	0.000105299	3733.74	-26.5767	76.7339	3.09903	1.57024	5.33462	-7338.55
3.96	38.8077	0.0107167	0.000105033	-335.684	599.981	76.9279	3.09908	1.57024	4.44889	-7348.98
3.965	38.8567	0.0106898	0.000104768	-4185.27	-511.034	77.122	3.09914	1.57024	5.65973	-7359.33
3.97	38.9057	0.0106629	0.000104505	2639.7	283.743	77.3164	3.09919	1.57024	4.86492	-7366.68
3.975	38.9547	0.0106362	0.000104242	-1544.09	474.525	77.5111	3.09924	1.57024	4.58644	-7377.17
3.98	39.0037	0.0106096	0.00010398	1911.71	-56197.2	77.706	3.0993	1.57024	6.20993	-7385.57
3.985	39.0527	0.010583	0.000103719	1432.07	491.074	77.9011	3.09935	1.57024	4.56632	-7394.85
3.99	39.1017	0.0105566	0.00010346	-2748.62	261.874	78.0965	3.0994	1.57024	4.90135	-7405.33
3.995	39.1507	0.0105302	0.000103201	4123.44	-381.997	78.2921	3.09945	1.57024	5.60354	-7412.67
4	39.1997	0.010504	0.000102943	224.66	603.9	78.488	3.09951	1.57025	4.4451	-7423.04
4.005	39.2487	0.0104778	0.000102686	-3819.64	-74.3234	78.6841	3.09956	1.57025	5.38571	-7433.46
4.01	39.2977	0.0104518	0.00010243	3177.7	165.298	78.8805	3.09961	1.57025	5.06371	-7440.78
4.015	39.3467	0.0104258	0.000102175	-979.397	549.434	79.0771	3.09966	1.57025	4.50031	-7451.24
4.02	39.3957	0.0104	0.000101921	-4360.76	-3445.52	79.274	3.09972	1.57025	5.99676	-7461.44
4.025	39.4447	0.0103742	0.000101668	1997.78	401.266	79.4711	3.09977	1.57025	4.68341	-7468.93
4.03	39.4937	0.0103486	0.000101416	-2191.87	367.425	79.6684	3.09982	1.57025	4.73261	-7479.42
4.035	39.5427	0.010323	0.000101165	4356.57	-1751	79.866	3.09987	1.57025	5.89424	-7486.84
4.04	39.5917	0.0102975	0.000100915	785.766	569.216	80.0638	3.09992	1.57025	4.47957	-7497.11
4.045	39.6407	0.0102722	0.000100665	-3353.47	117.41	80.2619	3.09997	1.57025	5.14044	-7507.57
4.05	39.6897	0.0102469	0.000100417	3668.16	4.61279	80.4602	3.10003	1.57025	5.29773	-7514.88
4.055	39.7387	0.0102217	0.000100169	-417.575	596.102	80.6588	3.10008	1.57025	4.45264	-7525.31
4.06	39.7877	0.0101966	9.99229e-05	-4226.79	-631.364	80.8576	3.10013	1.57025	5.7017	-7535.66
4.065	39.8367	0.0101716	9.96772e-05	2558.76	299.524	81.0567	3.10018	1.57025	4.83897	-7543.02
4.07	39.8857	0.0101467	9.94325e-05	-1626.86	461.844	81.256	3.10023	1.57025	4.60227	-7553.5
4.075	39.9347	0.0101218	9.91886e-05	3426.67	-29364.2	81.4555	3.10028	1.57025	6.18204	-7561.49
4.08	39.9837	0.0100971	9.89457e-05	1349.3	502.811	81.6553	3.10033	1.57025	4.55242	-7571.19
4.085	40.0327	0.0100725	9.87036e-05	-2828.56	245.286	81.8554	3.10038	1.57025	4.92924	-7581.67
4.09	40.0817	0.0100479	9.84624e-05	4073.95	-305.068	82.0557	3.10043	1.57025	5.56252	-7589
4.095	40.1307	0.0100234	9.82221e-05	142.497	605.797	82.2562	3.10048	1.57026	4.44326	-7599.38
4.1	40.1797	0.00999906	9.79827e-05	-3880.77	-114.682	82.457	3.10053	1.57026	5.42428	-7609.79
4.105	40.2287	0.00997478	9.77441e-05	3100.95	184.24	82.658	3.10058	1.57026	5.03224	-7617.11
4.11	40.2777	0.00995058	9.75065e-05	-1062.16	539.923	82.8593	3.10063	1.57026	4.51054	-7627.58
4.115	40.3267	0.00992647	9.72697e-05	-4331.55	-4893.21	83.0608	3.10068	1.57026	6.04038	-7637.73
4.12	40.3757	0.00990245	9.70337e-05	1914.68	415.314	83.2625	3.10073	1.57026	4.66377	-7645.27
4.125	40.4247	0.00987851	9.67986e-05	-2274.59	352.568	83.4645	3.10078	1.57026	4.75504	-7655.76
4.13	40.4737	0.00985467	9.65644e-05	4337.53	-1364.71	83.6668	3.10083	1.57026	5.85055	-7663.16
4.135	40.5227	0.0098309	9.6331e-05	703.008	576.53	83.8693	3.10088	1.57026	4.47209	-7673.45
4.14	40.5717	0.00980723	9.60985e-05	-3426.7	95.0019	84.072	3.10093	1.57026	5.17453	-7683.9
4.145	40.6207	0.00978364	9.58667e-05	3600.15	33.3639	84.275	3.10098	1.57026	5.26116	-7691.21
4.15	40.6697	0.00976013	9.56359e-05	-500.284	591.373	84.4782	3.10103	1.57026	4.45726	-7701.65
4.155	40.7187	0.00973671	9.54059e-05	-4264.76	-782.784	84.6817	3.10107	1.57026	5.74446	-7711.98
4.16	40.7677	0.00971337	9.51766e-05	2476.67	315.193	84.8854	3.10112	1.57026	4.8136	-7719.35
4.165	40.8167	0.00969012	9.49483e-05	-1710.43	448.697	85.0894	3.10117	1.57026	4.6191	-7729.84
4.17	40.8657	0.00966695	9.47207e-05	3985.82	-15438	85.2936	3.10122	1.57026	6.14419	-7737.6
4.175	40.9147	0.00964386	9.4494e-05	1265.79	514.204	85.498	3.10127	1.57026	4.53922	-7747.53
4.18	40.9637	0.00962086	9.4268e-05	-2908.65	228.142	85.7027	3.10132	1.57026	4.9582	-7758
4.185	41.0127	0.00959793	9.40429e-05	4021.02	-239.363	85.9076	3.10136	1.57026	5.52163	-7765.33
4.19	41.0617	0.00957509	9.38186e-05	59.5684	606.847	86.1128	3.10141	1.57026	4.44223	-7775.72
4.195	41.1107	0.00955233	9.35951e-05	-3940.16	-160.846	86.3183	3.10146	1.57026	5.46382	-7786.12
4.2	41.1597	0.00952966	9.33724e-05	3022.57	202.67	86.5239	3.10151	1.57027	5.00126	-7793.45
4.205	41.2087	0.00950706	9.31505e-05	-1145.76	529.737	86.7299	3.10155	1.57027	4.52171	-7803.92
4.21	41.2577	0.00948454	9.29293e-05	-4261.62	-7386.99	86.936	3.1016	1.57027	6.08394	-7814
4.215	41.3067	0.0094621	9.2709e-05	1830.73	429.232	87.1424	3.10165	1.57027	4.64479	-7821.6
4.22	41.3557	0.00943975	9.24894e-05	-2357.89	337.347	87.3491	3.1017	1.57027	4.77852	-7832.09
4.225	41.4047	0.00941747	9.22707e-05	4311.5	-1077.74	87.556	3.10174	1.57027	5.80669	-7839.48
4.23	41.4537	0.00939527	9.20527e-05	619.524	583.178	87.7631	3.10179	1.57027	4.46538	-7849.79
4.235	41.5027	0.00937314	9.18354e-05	-3499.23	70.9032	87.9705	3.10184	1.57027	5.20969	-7860.24
4.24	41.5517	0.0093511	9.1619e-05	3529.8	60.0792	88.1782	3.10189	1.57027	5.22495	-7867.55
4.245	41.6007	0.00932913	9.14033e-05	-583.818	585.793	88.386	3.10193	1.57027	4.46277	-7877.99
4.25	41.6497	0.00930724	9.11883e-05	-4298.59	-977.676	88.5942	3.10198	1.57027	5.788	-7888.31
4.255	41.6987	0.00928543	9.09741e-05	2393.47	330.764	88.8025	3.10202	1.57027	4.78883	-7895.69
4.26	41.7477	0.0092637	9.07607e-05	-1794.79	435.103	89.0112	3.10207	1.57027	4.63693	-7906.18
4.265	41.7967	0.00924204	9.0548e-05	4209.99	-9015.97	89.22	3.10212	1.57027	6.10231	-7913.82
4.27	41.8457	0.00922045	9.03361e-05	1181.56	525.204	89.4291	3.10216	1.57027	4.52675	-7923.86
4.275	41.8947	0.00919894	9.01249e-05	-2988.78	210.361	89.6385	3.10221	1.57027	4.98826	-7934.34
4.28	41.9437	0.00917751	8.99145e-05	3964.8	-182.576	89.8481	3.10226	1.57027	5.48091	-7941.66
4.285	41.9927	0.00915615	8.97047e-05	-24.1357	607.019	90.0579	3.1023	1.57027	4.44205	-7952.06
4.29	42.0417	0.00913487	8.94958e-05	-3997.57	-214.324	90.268	3.10235	1.57027	5.50434	-7962.45
4.295	42.0907	0.00911366	8.92875e-05	2942.6	220.676	90.4783	3.10239	1.57027	4.9708	-7969.78
4.3	42.1397	0.00909252	8.908e-05	-1230.22	518.897	90.6889	3.10244	1.57027	4.53385	-7980.26
4.305	42.1887	0.00907146	8.88732e-05	-4103.96	-12145.3	90.8997	3.10248	1.57027	6.12681	-7990.24
4.31	42.2377	0.00905047	8.86671e-05	1745.96	442.991	91.1108	3.10253	1.57028	4.6265	-7997.94
4.315	42.2867	0.00902955	8.84617e-05	-2441.71	321.753	91.3221	3.10257	1.57028	4.80307	-8008.43
4.32	42.3357	0.00900871	8.82571e-05	4279.56	-858.746	91.5337	3.10262	1.57028	5.76271	-8015.8
4.325	42.3847	0.00898794	8.80531e-05	535.309	589.106	91.7455	3.10266	1.57028	4.45946	-8026.13
4.33	42.4337	0.00896724	8.78499e-05	-3570.89	44.7722	91.9575	3.10271	1.57028	5.24591	-8036.57
4.335	42.4827	0.00894661	8.76474e-05	3457.18	85.0942	92.1698	3.10275	1.57028	5.18913	-8043.88
4.34	42.5317	0.00892605	8.74455e-05	-668.183	579.365	92.3823	3.1028	1.57028	4.46919	-8054.33
4.345	42.5807	0.00890556	8.72444e-05	-4327.43	-1235.17	92.5951	3.10284	1.57028	5.83226	-8064.63
4.35	42.6297	0.00888514	8.70439e-05	2309.2	346.244	92.8081	3.10289	1.57028	4.76468	-8072.03
4.355	42.6787	0.0088648	8.68442e-05	-1879.91	421.079	93.0214	3.10293	1.57028	4.6558	-8082.52
4.36	42.7277	0.00884452	8.66451e-05	4309.17	-5754.54	93.2349	3.10298	1.57028	6.05846	-8090.08
4.365	42.7767	0.00882431	8.64467e-05	1096.6	535.757	93.4487	3.10302	1.57028	4.51504	-8100.2
4.37	42.8257	0.00880417	8.6249e-05	-3068.84	191.848	93.6627	3.10306	1.57028	5.01941	-8110.67
4.375	42.8747	0.0087841	8.6052e-05	3905.39	-132.943	93.8769	3.10311	1.57028	5.44041	-8118
4.38	42.9237	0.0087641	8.58556e-05	-108.621	606.288	94.0914	3.10315	1.57028	4.44273	-8128.4
4.385	42.9727	0.00874417	8.566e-05	-4052.74	-277.127	94.3062	3.1032	1.57028	5.54581	-8138.79
4.39	43.0217	0.0087243	8.5465e-05	2861.13	238.333	94.5212	3.10324	1.57028	4.94089	-8146.12
4.395	43.0707	0.0087045	8.52706e-05	-1315.52	507.428	94.7364	3.10328	1.57028	4.54697	-8156.6
4.4	43.1197	0.00868477	8.50769e-05	-3718.86	-22382.9	94.9519	3.10333	1.57028	6.16747	-8166.4
4.405	43.1687	0.00866511	8.48839e-05	1660.39	456.556	95.1676	3.10337	1.57028	4.60892	-8174.28
4.41	43.2177	0.00864551	8.46915e-05	-2525.98	305.766	95.3836	3.10341	1.57028	4.82872	-8184.77
4.415	43.2667	0.00862598	8.44998e-05	4242.39	-687.705	95.5998	3.10346	1.57028	5.71868	-8192.13
4.42	43.3157	0.00860652	8.43087e-05	450.361	594.265	95.8162	3.1035	1.57028	4.45437	-8202.47
4.425	43.3647	0.00858712	8.41183e-05	-3641.52	16.1799	96.0329	3.10354	1.57029	5.28321	-8212.9
4.43	43.4137	0.00856778	8.39285e-05	3382.39	108.689	96.2499	3.10359	1.57029	5.15374	-8220.22
4.435	43.4627	0.00854852	8.37394e-05	-753.389	572.098	96.4671	3.10363	1.57029	4.47654	-8230.67
4.44	43.5117	0.00852931	8.35509e-05	-4350.03	-1586.11	96.6845	3.10367	1.57029	5.87721	-8240.95
4.445	43.5607	0.00851017	8.3363e-05	2223.92	361.633	96.9022	3.10371	1.57029	4.74119	-8248.37
4.45	43.6097	0.0084911	8.31758e-05	-1965.77	406.642	97.1201	3.10376	1.57029	4.67574	-8258.86
4.455	43.6587	0.00847209	8.29892e-05	4352.78	-3919.91	97.3383	3.1038	1.57029	6.0135	-8266.36
4.46	43.7077	0.00845314	8.28032e-05	1010.92	545.809	97.5567	3.10384	1.57029	4.5041	-8276.54
4.465	43.7567	0.00843426	8.26179e-05	-3148.73	172.481	97.7753	3.10388	1.57029	5.05169	-8287.01
4.47	43.8057	0.00841544	8.24332e-05	3842.92	-89.0892	97.9943	3.10393	1.57029	5.40016	-8294.33
4.475	43.8547	0.00839668	8.22491e-05	-193.899	604.631	98.2134	3.10397	1.57029	4.44431	-8304.74
4.48	43.9037	0.00837799	8.20656e-05	-4105.37	-351.995	98.4328	3.10401	1.57029	5.58822	-8315.12
4.485	43.9527	0.00835935	8.18827e-05	2778.22	255.703	98.6524	3.10405	1.57029	4.91156	-8322.46
4.49	44.0017	0.00834078	8.17004e-05	-1401.67	495.353	98.8723	3.10409	1.57029	4.56111	-8332.94
4.495	44.0507	0.00832228	8.15188e-05	-2639.16	-45218.7	99.0925	3.10413	1.57029	6.20155	-8342.4
4.5	44.0997	0.00830383	8.13377e-05	1574.04	469.891	99.3128	3.10418	1.57029	4.59207	-8350.62
4.505	44.1487	0.00828544	8.11573e-05	-2610.64	289.359	99.5335	3.10422	1.57029	4.85549	-8361.11
4.51	44.1977	0.00826712	8.09774e-05	4200.49	-551.378	99.7543	3.10426	1.57029	5.67465	-8368.46
4.515	44.2467	0.00824885	8.07982e-05	364.671	598.608	99.9754	3.1043	1.57029	4.45011	-8378.81
4.52	44.2957	0.00823065	8.06195e-05	-3710.9	-15.4168	100.197	3.10434	1.57029	5.32158	-8389.24
4.525	44.3447	0.00821251	8.04415e-05	3305.52	131.102	100.418	3.10438	1.57029	5.11882	-8396.56
4.53	44.3937	0.00819442	8.0264e-05	-839.443	564.003	100.64	3.10442	1.57029	4.48486	-8407.01
4.535	44.4427	0.0081764	8.00871e-05	-4364.42	-2082.67	100.862	3.10446	1.57029	5.92276	-8417.27
4.54	44.4917	0.00815843	7.99108e-05	2137.65	376.928	101.085	3.10451	1.57029	4.71838	-8424.71
4.545	44.5407	0.00814053	7.97351e-05	-2052.34	391.802	101.307	3.10455	1.57029	4.69676	-8435.2
4.55	44.5897	0.00812268	7.95599e-05	4367.26	-2799.23	101.53	3.10459	1.5703	5.96784	-8442.66
4.555	44.6387	0.00810489	7.93853e-05	924.52	555.304	101.753	3.10463	1.5703	4.49397	-8452.89
4.56	44.6877	0.00808716	7.92114e-05	-3228.29	152.108	101.976	3.10467	1.5703	5.0851	-8463.35
4.565	44.7367	0.00806949	7.90379e-05	3777.48	-49.9355	102.2	3.10471	1.5703	5.36021	-8470.66
4.57	44.7857	0.00805188	7.88651e-05	-279.982	602.032	102.424	3.10475	1.5703	4.44679	-8481.08
4.575	44.8347	0.00803432	7.86928e-05	-4155.14	-442.725	102.648	3.10479	1.5703	5.63156	-8491.45
4.58	44.8837	0.00801682	7.85211e-05	2693.93	272.84	102.872	3.10483	1.5703	4.88283	-8498.8
4.585	44.9327	0.00799938	7.83499e-05	-1488.66	482.697	103.097	3.10487	1.5703	4.57629	-8509.28
4.59	44.9817	0.007982	7.81793e-05	32.5701	-68260.5	103.321	3.10491	1.5703	6.21668	-8518.11
4.595	45.0307	0.00796467	7.80092e-05	1486.93	482.952	103.547	3.10495	1.5703	4.57598	-8526.96
4.6	45.0797	0.0079474	7.78398e-05	-2695.62	272.496	103.772	3.10499	1.5703	4.8834	-8537.45
4.605	45.1287	0.00793018	7.76708e-05	4154.17	-440.732	103.997	3.10503	1.5703	5.63069	-8544.79
4.61	45.1777	0.00791302	7.75024e-05	278.231	602.087	104.223	3.10507	1.5703	4.44673	-8555.16
4.615	45.2267	0.00789591	7.73346e-05	-3778.85	-50.7105	104.449	3.10511	1.5703	5.36103	-8565.58
4.62	45.2757	0.00787887	7.71673e-05	3226.64	152.531	104.675	3.10515	1.5703	5.08439	-8572.89
4.625	45.3247	0.00786187	7.70005e-05	-926.35	555.097	104.902	3.10519	1.5703	4.49417	-8583.35
4.63	45.3737	0.00784493	7.68343e-05	-4367.15	-2818.57	105.129	3.10523	1.5703	5.96883	-8593.58
4.635	45.4227	0.00782805	7.66686e-05	2050.43	392.116	105.356	3.10526	1.5703	4.69628	-8601.05
4.64	45.4717	0.00781122	7.65035e-05	-2139.59	376.569	105.583	3.1053	1.5703	4.71889	-8611.54
4.645	45.5207	0.00779444	7.63389e-05	4364.19	-2069.2	105.81	3.10534	1.5703	5.92171	-8618.97
4.65	45.5697	0.00777772	7.61748e-05	837.404	564.182	106.038	3.10538	1.5703	4.48465	-8629.23
4.655	45.6187	0.00776105	7.60112e-05	-3307.4	130.545	106.266	3.10542	1.5703	5.11965	-8639.69
4.66	45.6677	0.00774444	7.58482e-05	3709.19	-14.6248	106.494	3.10546	1.5703	5.32061	-8647
4.665	45.7166	0.00772787	7.56857e-05	-366.876	598.48	106.723	3.1055	1.5703	4.45021	-8657.43
4.67	45.7656	0.00771137	7.55237e-05	-4201.65	-554.702	106.951	3.10554	1.5703	5.67581	-8667.78
4.675	45.8146	0.00769491	7.53623e-05	2608.33	289.783	107.18	3.10557	1.5703	4.85474	-8675.14
4.68	45.8636	0.00767851	7.52013e-05	-1576.48	469.488	107.41	3.10561	1.57031	4.59253	-8685.62
4.685	45.9126	0.00766216	7.50409e-05	2689.4	-44326.7	107.639	3.10565	1.57031	6.20073	-8693.83
4.69	45.9616	0.00764586	7.4881e-05	1399.06	495.69	107.869	3.10569	1.57031	4.56067	-8703.31
4.695	46.0106	0.00762961	7.47216e-05	-2780.82	255.128	108.099	3.10573	1.57031	4.91246	-8713.79
4.7	46.0596	0.00761342	7.45627e-05	4103.71	-349.447	108.329	3.10577	1.57031	5.58684	-8721.12
4.705	46.1086	0.00759727	7.44043e-05	191.036	604.66	108.559	3.1058	1.57031	4.44424	-8731.5
4.71	46.1576	0.00758118	7.42464e-05	-3845.13	-90.5937	108.79	3.10584	1.57031	5.40155	-8741.91
4.715	46.2066	0.00756514	7.4089e-05	3145.86	173.144	109.021	3.10588	1.57031	5.05051	-8749.23
4.72	46.2556	0.00754915	7.39321e-05	-1014.11	545.399	109.252	3.10592	1.57031	4.50449	-8759.7
4.725	46.3046	0.00753321	7.37757e-05	-4351.7	-3975.09	109.483	3.10596	1.57031	6.01525	-8769.88
4.73	46.3536	0.00751732	7.36198e-05	1962.32	407.179	109.715	3.10599	1.57031	4.67492	-8777.39
4.735	46.4026	0.00750148	7.34644e-05	-2227.46	360.948	109.947	3.10603	1.57031	4.74215	-8787.88
4.74	46.4516	0.00748569	7.33095e-05	4349.19	-1568.84	110.179	3.10607	1.57031	5.87526	-8795.29
4.745	46.5006	0.00746995	7.31551e-05	749.574	572.384	110.411	3.10611	1.57031	4.47619	-8805.57
4.75	46.5496	0.00745426	7.30012e-05	-3385.89	107.56	110.644	3.10614	1.57031	5.15536	-8816.02
4.755	46.5986	0.00743862	7.28477e-05	3638.16	17.53	110.877	3.10618	1.57031	5.2814	-8823.34
4.76	46.6476	0.00742303	7.26948e-05	-454.586	593.967	111.11	3.10622	1.57031	4.4546	-8833.77
4.765	46.6966	0.00740749	7.25423e-05	-4244.41	-695.759	111.343	3.10625	1.57031	5.72093	-8844.11
4.77	46.7456	0.00739199	7.23903e-05	2521.48	306.563	111.577	3.10629	1.57031	4.82733	-8851.48
4.775	46.7946	0.00737655	7.22388e-05	-1665.12	455.751	111.811	3.10633	1.57031	4.60986	-8861.96
4.78	46.8436	0.00736115	7.20877e-05	3752.05	-21546	112.045	3.10637	1.57031	6.16525	-8869.83
4.785	46.8926	0.0073458	7.19372e-05	1310.46	508.053	112.279	3.1064	1.57031	4.54617	-8879.65
4.79	46.9416	0.0073305	7.1787e-05	-2866.14	237.191	112.514	3.10644	1.57031	4.94269	-8890.13
4.795	46.9906	0.00731525	7.16374e-05	4049.32	-272.996	112.749	3.10648	1.57031	5.54316	-8897.46
4.8	47.0396	0.00730004	7.14882e-05	103.082	606.288	112.984	3.10651	1.57031	4.44266	-8907.84
4.805	47.0886	0.00728488	7.13395e-05	-3909.49	-136.231	113.219	3.10655	1.57031	5.44313	-8918.25
4.81	47.1376	0.00726977	7.11913e-05	3063.26	193.081	113.455	3.10658	1.57031	5.0172	-8925.57
4.815	47.1866	0.00725471	7.10435e-05	-1102.73	534.933	113.69	3.10662	1.57032	4.51585	-8936.04
4.82	47.2356	0.00723969	7.08962e-05	-4304.09	-5936.53	113.926	3.10666	1.57032	6.06176	-8946.17
4.825	47.2846	0.00722472	7.07494e-05	1873.33	422.091	114.163	3.10669	1.57032	4.65431	-8953.73
4.83	47.3336	0.0072098	7.0603e-05	-2315.91	344.936	114.399	3.10673	1.57032	4.76657	-8964.22
4.835	47.3826	0.00719492	7.0457e-05	4325.26	-1211.55	114.636	3.10677	1.57032	5.82861	-8971.62
4.84	47.4316	0.00718008	7.03115e-05	661.026	579.851	114.873	3.1068	1.57032	4.4686	-8981.92
4.845	47.4806	0.0071653	7.01665e-05	-3463.58	82.8636	115.11	3.10684	1.57032	5.19222	-8992.36
4.85	47.5296	0.00715056	7.00219e-05	3564.49	47.0878	115.348	3.10687	1.57032	5.24261	-8999.68
4.855	47.5786	0.00713586	6.98777e-05	-543.123	588.494	115.586	3.10691	1.57032	4.45997	-9010.12
4.86	47.6276	0.00712121	6.9734e-05	-4282.81	-877.664	115.824	3.10694	1.57032	5.76689	-9020.44
4.865	47.6766	0.00710661	6.95907e-05	2433.45	323.204	116.062	3.10698	1.57032	4.80061	-9027.82
4.87	47.7256	0.00709205	6.94479e-05	-1754.55	441.512	116.301	3.10702	1.57032	4.62831	-9038.31
4.875	47.7746	0.00707753	6.93055e-05	4126.94	-11480.1	116.539	3.10705	1.57032	6.1224	-9046
4.88	47.8236	0.00706306	6.91636e-05	1221.13	519.986	116.778	3.10709	1.57032	4.5325	-9055.99
4.885	47.8726	0.00704863	6.90221e-05	-2951.47	218.602	117.018	3.10712	1.57032	4.97412	-9066.47
4.89	47.9216	0.00703425	6.8881e-05	3991.17	-208.057	117.257	3.10716	1.57032	5.4997	-9073.8
4.895	47.9706	0.00701991	6.87403e-05	14.3573	606.935	117.497	3.10719	1.57032	4.44202	-9084.19
4.9	48.0196	0.00700561	6.86001e-05	-3971.68	-189.171	117.737	3.10723	1.57032	5.48576	-9094.59
4.905	48.0686	0.00699136	6.84603e-05	2978.92	212.465	117.977	3.10726	1.57032	4.9845	-9101.91
4.91	48.1176	0.00697716	6.8321e-05	-1192.22	523.726	118.217	3.1073	1.57032	4.52828	-9112.39
4.915	48.1666	0.00696299	6.81821e-05	-4190.12	-9615.9	118.458	3.10733	1.57032	6.10786	-9122.42
4.92	48.2156	0.00694887	6.80435e-05	1783.5	436.822	118.699	3.10737	1.57032	4.63449	-9130.07
4.925	48.2646	0.00693479	6.79055e-05	-2404.88	328.526	118.94	3.1074	1.57032	4.79216	-9140.56
4.93	48.3136	0.00692075	6.77678e-05	4294.1	-947.634	119.182	3.10744	1.57032	5.78185	-9147.94
4.935	48.3626	0.00690676	6.76305e-05	571.755	586.522	119.423	3.10747	1.57032	4.46191	-9158.26
4.94	48.4116	0.00689281	6.74937e-05	-3540.3	56.0925	119.665	3.1075	1.57032	5.23025	-9168.7
4.945	48.4606	0.0068789	6.73573e-05	3488.31	74.5056	119.907	3.10754	1.57032	5.2043	-9176.02
4.95	48.5096	0.00686503	6.72213e-05	-632.498	582.064	120.15	3.10757	1.57032	4.46636	-9186.46
4.955	48.5586	0.00685121	6.70857e-05	-4316.01	-1118.73	120.393	3.10761	1.57032	5.81365	-9196.77
4.96	48.6076	0.00683742	6.69505e-05	2344.29	339.719	120.636	3.10764	1.57033	4.77462	-9204.16
4.965	48.6566	0.00682368	6.68157e-05	-1844.76	426.793	120.879	3.10768	1.57033	4.6479	-9214.65
4.97	48.7056	0.00680998	6.66813e-05	4277.65	-6852.12	121.122	3.10771	1.57033	6.07652	-9222.24
4.975	48.7546	0.00679632	6.65474e-05	1131.08	531.427	121.366	3.10774	1.57033	4.51968	-9232.34
4.98	48.8036	0.0067827	6.64138e-05	-3036.68	199.259	121.61	3.10778	1.57033	5.00676	-9242.81
4.985	48.8526	0.00676913	6.62807e-05	3929.42	-152.159	121.854	3.10781	1.57033	5.45651	-9250.13
4.99	48.9016	0.00675559	6.61479e-05	-75.1499	606.571	122.098	3.10785	1.57033	4.44235	-9260.54
4.995	48.9506	0.00674209	6.60155e-05	-4031.4	-251.495	122.343	3.10788	1.57033	5.52944	-9270.92
